,영화명,개봉일,매출액,매출액,누적매출액,관객수,누적관객수,스크린수,상영횟수,대표국적,국적,제작사,배급사,등급,장르,감독,배우
0,남산의 부장들,2020-01-22,"33,670,891,220",23.4%,"33,670,891,220","3,874,419","3,874,419","1,659","80,854",한국,한국,(주)하이브미디어코프,(주)쇼박스,15세이상관람가,드라마,우민호,"이병헌,이성민,곽도원,이희준,김소진,김승훈,박성근,서현우,지현준,박지일,이태형,주석태,이도국,김민상,이양희,정미형,조혜주,김명선,이하영,전우재,손병욱,윤충,염석무,박현우,김태훈,최재훈,조영규,이수광,박기만,엄지만,천명재,김낙균,천재홍,김지나,이태호,정종우,윤기창,손인용,박소윤,이영용,김성철,장은채,유정호,정문용,신하준,이승진,제리 렉터,정원석,오진석,남승화,유대식,장의돈,구윤회,양재훈,김동환,이광식,김병남,오대환,이충훈,이병관,김지성,박하균,이상철,김홍파,김용우"
1,백두산,2019-12-19,"16,891,094,350",11.8%,"69,796,884,120","1,958,389","8,248,891","1,241","73,893",한국,한국,"주식회사 덱스터 픽쳐스,(주)퍼펙트스톰필름,씨제이이앤엠(주)","씨제이이앤엠(주),(주)덱스터스튜디오",12세이상관람가,"어드벤처,드라마","이해준,김병서","이병헌,하정우,마동석,전혜진,배수지,김연교,정윤하,이상원,옥자연,한수현,강신철,이경영,조한철,최광일,김시아,임형국,박주환,남성준,서현우,김민식,박지홍,김준원,남문철,박성근,전도연,이정민,최정현,박태산,양지수"
2,히트맨,2020-01-22,"16,122,374,840",11.2%,"16,122,374,840","1,874,016","1,874,016","1,122","48,942",한국,한국,베리굿스튜디오(주),롯데컬처웍스(주)롯데엔터테인먼트,15세이상관람가,"코미디,액션",최원섭,"권상우,정준호,황우슬혜,이이경,이지원,허성태,조운,허동원,이준혁,이중옥,안성봉,주서은,권유준,이상이,오자훈,배민준,박경근,손성찬,문정대,이건구,하경민,김사란,신수오,조셉,손태양,채인우,김건,서성균,박가은,안보라,권반석,황태희,김원영,변동욱,강현우,정수용,심상윤,이윤규,신희정,윤동주,심홍섭,배재성,이재남,장필상,박지해,나승준,손지민,이한종,아우 티투 솔루키,문정수,김원중,김흥태,김관영,김대근,우광제,이왕수,남승화,이창섭,이금용,임효우,박현선,주창욱,문형돈,원우,최재현,올렉 오스트로스키,디미트리 키에르베,서정훈,신기원,박예찬,임효진,설윤지,강영준,옥주리,김풍,황병국,김미희,한철우,이상원,김길동,배진웅"
3,닥터 두리틀,2020-01-08,"13,395,322,970",9.3%,"13,395,322,970","1,598,856","1,598,856","1,290","67,658",미국,미국,,유니버설픽쳐스인터내셔널 코리아(유),전체관람가,"판타지,어드벤처",스티븐 개건,"로버트 다우니 주니어,톰 홀랜드,라미 말렉,안토니오 반데라스,마리옹 꼬띠아르,마이클 쉰,옥타비아 스펜서,쿠마일 난지아니,존 시나,셀레나 고메즈,랄프 파인즈,엠마 톰슨,크레이그 로빈슨"
4,해치지않아,2020-01-15,"9,966,878,950",6.9%,"10,095,111,950","1,186,777","1,201,814","1,216","50,490",한국,한국,"(주)디씨지플러스,(주)어바웃필름",(주)에이스메이커무비웍스,12세이상관람가,코미디,손재곤,"안재홍,강소라,박영규,김성오,전여빈,박혁권,장승조,조한준,문동혁,한예리,서현우,박형수,김흥래,김수진,윤대열,이현욱,오재균,조민경,손경원,김경민,안성봉,송수영,윤재인,한사명,전운종,양말복,김비비,김그림,박윤호,김현,박기륭,이정민,윤우중,정원형,장원형,송유현,조은유,임새라,주부진,손희순,남정희,김남순,권범택,원근희,손영희,김정현,이다영,박중금,양현진,박소영,조혜선,경규민,이다인,장정우,이경민,김규희,박보은,이하영,서은솔,송지우,양희원,김하연,김태연,박시윤,윤성우,진현광,배은우,최찬호,설창희,변상윤,박영빈,유은조,김경로,오석철,고민지,최정현,배진호,이윤상,유정호,노수산나,김기천"
5,천문: 하늘에 묻는다,2019-12-26,"8,678,111,110",6.0%,"16,486,354,060","1,029,221","1,994,845",929,"43,039",한국,한국,(주)하이브미디어코프,롯데컬처웍스(주)롯데엔터테인먼트,12세이상관람가,사극,허진호,"최민식,한석규,신구,김홍파,허준호,김태우,김원해,임원희,오광록,박성훈,전여빈,김승훈,박기륭,김병남,안문주"
6,미드웨이,2019-12-31,"7,102,189,070",4.9%,"8,187,848,590","818,269","951,642",842,"32,438",미국,미국,,(주)누리픽쳐스,15세이상관람가,"액션,드라마",롤랜드 에머리히,"에드 스크레인,패트릭 윌슨,우디 해럴슨,루크 에반스,아사노 타다노부,닉 조나스"
7,시동,2019-12-18,"6,853,925,560",4.8%,"28,090,403,360","789,954","3,315,940",825,"34,718",한국,한국,(주)외유내강,(주)넥스트엔터테인먼트월드(NEW),15세이상관람가,드라마,최정열,"마동석,박정민,정해인,염정아,최성은,김종수,이해운,김자영,윤경호,고두심,김경덕,김민재,박해준,허준석,김미화,성혁,손석배,홍인,이수빈,방은정,조재영,김대곤,강덕중,박성일,백주희,류성현,권혁범,정의욱,유수빈,조대희,차우진,조한준,승의열,류제승,임성재,김원목,곽수정,이문석,정병두,서문호,강태수,박원준,이육헌,김시원,최현종,선율우,오재세"
8,미스터 주: 사라진 VIP,2020-01-22,"4,675,193,020",3.3%,"4,681,685,020","555,022","555,962",692,"22,398",한국,한국,리양필름(주),"메가박스중앙(주)플러스엠,(주)리틀빅픽쳐스",12세이상관람가,"코미디,드라마",김태윤,"이성민,김서형,배정남,신하균,갈소원,유인나,김수미,이선균,이정은,이순재,김보성,조한준,박준형,정다정,데이비드 맥기니스"
9,나쁜 녀석들: 포에버,2020-01-15,"4,785,334,880",3.3%,"4,785,514,880","535,007","535,037",896,"28,775",미국,미국,,소니픽쳐스엔터테인먼트코리아주식회사극장배급지점,청소년관람불가,액션,"아딜 엘 아르비,빌랄 팔라","윌 스미스,마틴 로렌스,바네사 허진스"
10,스타워즈: 라이즈 오브 스카이워커,2020-01-08,"4,689,609,590",3.3%,"4,697,721,590","505,568","506,192",957,"28,535",미국,미국,,월트디즈니컴퍼니코리아 유한책임회사,12세이상관람가,"액션,어드벤처,판타지,SF",J.J. 에이브럼스,"데이지 리들리,아담 드라이버,오스카 아이삭,존 보예가"
11,스파이 지니어스,2020-01-22,"3,172,729,260",2.2%,"3,172,729,260","386,816","386,816",712,"15,889",미국,미국,,월트디즈니컴퍼니코리아 유한책임회사,전체관람가,"애니메이션,액션,코미디,가족,SF","닉 브루노,트로이 콴","윌 스미스,톰 홀랜드"
12,겨울왕국 2,2019-11-21,"3,150,619,070",2.2%,"114,746,867,790","370,607","13,739,671",665,"15,779",미국,미국,,월트디즈니컴퍼니코리아 유한책임회사,전체관람가,애니메이션,"크리스 벅,제니퍼 리","크리스틴 벨,이디나 멘젤,조시 게드,조나단 그로프"
13,신비아파트 극장판 하늘도깨비 대 요르문간드,2019-12-19,"1,736,631,140",1.2%,"7,036,573,580","219,836","891,958",539,"8,477",한국,한국,씨제이이앤엠(주),씨제이이앤엠(주),전체관람가,애니메이션,변영규,"김영은,김채하,신용우,조현정,양정화,김현지"
14,포드 V 페라리,2019-12-04,"1,285,057,780",0.9%,"11,897,071,460","141,128","1,349,535",204,"5,145",미국,미국,,월트디즈니컴퍼니코리아 유한책임회사,12세이상관람가,"액션,드라마",제임스 맨골드,"맷 데이먼,크리스찬 베일"
15,나이브스 아웃,2019-12-04,"1,045,821,700",0.7%,"6,694,681,910","119,363","786,774",163,"4,427",미국,미국,,(주)올스타엔터테인먼트,12세이상관람가,"미스터리,스릴러",라이언 존슨,"다니엘 크레이그,크리스 에반스,아나 디 아르마스,제이미 리 커티스,마이클 섀넌,돈 존슨,크리스토퍼 플러머"
16,21 브릿지: 테러 셧다운,2020-01-01,"774,383,700",0.5%,"776,044,700","99,792","99,943",228,"6,479",미국,미국,,"(주)제이앤씨미디어그룹,TCO(주)더콘텐츠온",15세이상관람가,"스릴러,드라마,범죄",브라이언 커크,"채드윅 보스만,J.K. 시몬스,시에나 밀러,테일러 키취"
17,타오르는 여인의 초상,2020-01-16,"825,806,028",0.6%,"832,126,028","99,440","100,209",146,"3,412",프랑스,프랑스,,"그린나래미디어(주),(주)홈초이스",15세이상관람가,드라마,셀린 시아마,"아델 에넬,노에미 멜랑"
18,프린스 코기,2019-12-24,"495,860,680",0.3%,"1,524,793,980","70,750","203,708",242,"2,160",벨기에,벨기에,,(주)이수C&E,전체관람가,애니메이션,벤 스타센,"심규혁,김리흔,엄상현,김혜성,김현지,김옥경,시영준,황창영,홍진욱,최정현"
19,눈의 여왕4,2019-12-24,"425,729,620",0.3%,"1,470,304,580","65,267","209,120",271,"2,229",러시아,러시아,,(주)넥스트엔터테인먼트월드(NEW),전체관람가,"애니메이션,가족,판타지,어드벤처","로버트 렌스,알렉세이 트시칠린","양정화,박지윤,임채헌,박영재,민승우,민아,임은정,윤용식,김현심,조현정,엄상현,홍진욱,남도형,송하림"
20,파바로티,2020-01-01,"334,003,278",0.2%,"365,099,278","41,580","45,811",85,"1,801",영국,영국,,오드,12세이상관람가,다큐멘터리,론 하워드,루치아노 파바로티
21,피아니스트의 전설,2020-01-01,"312,761,322",0.2%,"332,985,322","37,354","39,731",69,"1,721",이탈리아,이탈리아,,(주)라이크 콘텐츠,15세관람가,"드라마,판타지,뮤지컬",쥬세페 토르나토레,"팀 로스,프루잇 테일러 빈스,멜라니 티에리"
22,인셉션,2010-07-21,"249,059,200",0.2%,"43,730,530,200","33,334","5,868,351",216,"1,856",미국,미국,"워너 브러더스 픽쳐스,레젼데리 픽쳐스","(주)디스테이션,워너브러더스 코리아(주)",12세이상관람가,"드라마,미스터리",크리스토퍼 놀란,"레오나르도 디카프리오,엘렌 페이지,마리온 꼬띨라르"
23,타발루가와 얼음공주,2020-01-08,"190,654,000",0.1%,"190,654,000","27,330","27,330",304,"2,286",독일,독일,,예지림엔터테인먼트,전체관람가,"애니메이션,어드벤처,코미디",스벤 운터발트 주니어,"김혜성,강은애,임채헌,서반석,박성영,이창민"
24,캣츠,2019-12-24,"225,823,360",0.2%,"6,318,991,050","27,236","755,564",280,"2,317",미국,"미국,영국",,유니버설픽쳐스인터내셔널 코리아(유),12세이상관람가,"뮤지컬,드라마",톰 후퍼,"제니퍼 허드슨,테일러 스위프트,이드리스 엘바,프란체스카 헤이워드,주디 덴치,이안 맥켈런,제이슨 데룰로,제임스 코든,레이 윈스톤,레벨 윌슨"
25,오즈의 마법사: 요술구두와 말하는 책,2020-01-22,"184,215,100",0.1%,"184,215,100","23,127","23,127",252,"1,866",러시아,러시아,,(주)박수엔터테인먼트,전체관람가,"애니메이션,코미디,가족",,
26,"고흐, 영원의 문에서",2019-12-26,"178,492,550",0.1%,"309,483,510","21,269","37,960",52,"1,099",미국,"미국,프랑스",,(주)팝엔터테인먼트,12세이상관람가,드라마,줄리언 슈나벨,"윌렘 데포,오스카 아이삭,매즈 미켈슨,루퍼트 프렌드,윌렘 데포"
27,울지마 톤즈 2 : 슈크란 바바,2020-01-09,"139,327,440",0.1%,"147,967,440","18,804","19,764",232,"2,190",한국,한국,"KBS 미디어,(주)드림팩트엔터테인먼트,원피스",(주)영화특별시에스엠씨,전체관람가,다큐멘터리,강성옥,이금희
28,하이큐!! 땅 VS 하늘,2020-01-23,"130,758,120",0.1%,"130,758,120","16,268","16,268",82,915,일본,일본,,(주)삼백상회,전체관람가,애니메이션,미츠나카 스스무,나카무라 유이치
29,슈퍼 베어,2020-01-15,"105,937,260",0.1%,"105,937,260","15,145","15,145",227,"1,386",미국,미국,,와이드 릴리즈(주),전체관람가,"액션,어드벤처,애니메이션",,"김기두,서반석,박성영"
30,두 교황,2019-12-11,"106,817,120",0.1%,"230,816,160","13,433","29,860",15,430,미국,"미국,영국,이탈리아,아르헨티나",,판씨네마(주),12세이상관람가,드라마,페르난도 메이렐레스,"안소니 홉킨스,조나단 프라이스"
31,기생충,2019-05-30,"97,372,680",0.1%,"85,981,336,325","12,512","10,097,787",51,503,한국,한국,(주)바른손이앤에이,씨제이이앤엠(주),15세이상관람가,드라마,봉준호,"송강호,이선균,조여정,최우식,박소담,이정은,장혜진,박명훈,현승민,정현준,윤혜리,박근록,이시훈,김규백,설민,박가빈,정이서,조재명,정익한,안진상,이루아,김하언,하윤희,이도운,오별하,유인,유채련,정일화,지혜영,지연,최정연,서복현,심수미,장지우,한미자,주수지,강현규,고관재,박서준,곽신애,류영훈,문상근,김건,박재완,서한결,서희영,손지영,박혜숙,백동현,신승민,백승환,안성봉,염재민,오상준,오상준,김성수,김성준,김세인,윤영우,정재훈,김이슬,이종현,이주형,제승현,김혜련,김정우,이지혜,황인경,최지원,이덕형,이시은,김영조,이도용,김보령,김용각,정세현,이옥희,김향배,이상경,정아름,이은희,이인경,박미애,김진형,이시후,박재욱,양선영,장예원,최정현"
32,사마에게,2020-01-23,"87,055,552",0.1%,"87,656,552","10,940","11,012",75,771,영국,영국,,(주)엣나인필름,15세이상관람가,다큐멘터리,"와드 알-카팁,에드워드 와츠","와드 알-카팁,사마 알-카팁,함자 알-카팁"
33,"미안해요, 리키",2019-12-19,"80,666,300",0.1%,"281,505,500","9,968","35,615",56,693,프랑스,프랑스,,(주)영화사 진진,12세이상관람가,드라마,켄 로치,"크리스 히친,데비 허니우드"
34,정직한 후보,2020-02-12,"69,402,000",0.0%,"69,402,000","9,912","9,912",19,46,한국,한국,"(주)수필름,(주)홍필름",(주)넥스트엔터테인먼트월드(NEW),12세이상관람가,코미디,장유정,"라미란,김무열,나문희,윤경호,장동주,송영창,온주완,조한철,손종학,조수향,윤세아,김용림,박성준,임영우"
35,스파이즈,2020-01-15,"75,767,560",0.1%,"75,767,560","9,900","9,900",224,"1,318",프랑스,프랑스,,(주)팝엔터테인먼트,전체관람가,애니메이션,기욤 이베르넬,
36,레플리카,2019-09-25,"63,683,000",0.0%,"388,567,230","8,102","49,087",13,87,미국,미국,,(주)제이앤씨미디어그룹,15세이상관람가,"범죄,미스터리,SF,스릴러",제프리 나흐마노프,"키아누 리브스,앨리스 이브,토머스 미들디치"
37,갱,2020-01-16,"13,785,640",0.0%,"21,608,640","8,009","8,880",53,378,한국,한국,"(주)스토리풀,(주)컨텐츠 빌리지,(주)모그픽쳐스",(주)삼백상회,15세이상관람가,액션,조바른,"차지혁,옥윤중,백재민,김대한,이정현,김라희,조선기,지남혁,이재한"
38,나이트 헌터,2020-01-29,"42,051,300",0.0%,"42,051,300","6,812","6,812",141,763,캐나다,캐나다,,와이드 릴리즈(주),15세이상관람가,"액션,범죄,스릴러,드라마",,"헨리 카빌,알렉산드리아 다다리오,벤 킹슬리,스탠리 투치"
39,핑크퐁 시네마 콘서트 : 우주대탐험,2020-01-30,"47,057,500",0.0%,"47,057,500","6,504","6,504",176,642,한국,한국,스마트스터디(주),스마트스터디(주),전체관람가,애니메이션,변희선,"조경이,김서영"
40,몽마르트 파파,2020-01-09,"46,613,800",0.0%,"49,244,800","6,277","6,673",42,553,한국,한국,"웃음을 주는 영화,(주)해밀픽쳐스",(주)트리플픽쳐스,전체관람가,다큐멘터리,민병우,"민형식,이운숙,민병우"
41,클로젯,2020-02-05,"51,170,000",0.0%,"51,170,000","5,865","5,865",10,27,한국,한국,"(주)영화사 월광,(주)퍼펙트스톰필름",씨제이이앤엠(주),15세이상관람가,"미스터리,드라마",김광빈,"하정우,김남길,허율,이도국,이양희,김시아,신현빈,김수진,박지아,임현성,강신철,박성웅"
42,아내를 죽였다,2019-12-11,"29,437,000",0.0%,"794,209,560","5,795","97,719",16,41,한국,한국,단테미디어랩,케이티하이텔(주),15세이상관람가,"스릴러,액션",김하라,"이시언,안내상,왕지혜,서지영,김기두,이성우,김홍표,안재민,김경민,박소윤"
43,차일드 인 타임,2020-01-09,"48,508,420",0.0%,"50,930,420","5,719","6,081",75,669,영국,영국,,(주)팝엔터테인먼트,15세이상관람가,드라마,줄리언 파리노,"베네딕트 컴버배치,켈리 맥도날드,스티븐 캠벨 무어,사스키아 리브스"
44,목격자-눈이 없는 아이,2020-01-29,"16,305,540",0.0%,"16,305,540","5,622","5,622",43,170,중국,중국,,(주)드림팩트엔터테인먼트,15세이상관람가,공포(호러),심용,"홍수아,이아남,링옌"
45,신의 은총으로,2020-01-16,"41,170,820",0.0%,"43,023,820","5,349","5,615",41,433,프랑스,프랑스,,찬란,15세이상관람가,드라마,프랑수아 오종,"멜빌 푸포,드니 메노셰,스완 아르라우드"
46,에릭 클랩튼: 기타의 신,2020-01-23,"37,751,422",0.0%,"38,917,422","4,778","4,938",28,247,영국,영국,,(주)영화사 진진,15세이상관람가,다큐멘터리,릴리 피니 자눅,"에릭 클랩튼,조지 해리슨,지미 헨드릭스,B.B. 킹"
47,걸즈 앤 판처 최종장 제1화,2020-01-08,"38,676,620",0.0%,"38,676,620","4,380","4,380",55,580,일본,일본,,(주)디스테이션,12세이상관람가,애니메이션,미즈시마 츠토무,"후치가미 마이,카야노 아이,오자키 마미,나카가미 이쿠미,이구치 유카"
48,윤희에게,2019-11-14,"31,674,108",0.0%,"963,547,609","3,870","120,889",11,223,한국,한국,영화사 달리기,(주)리틀빅픽쳐스,12세이상관람가,멜로/로맨스,임대형,"김희애,김소혜,성유빈,나카무라 유코,유재명,김학선,윤태희"
49,조커,2019-10-02,"28,864,080",0.0%,"45,409,939,530","3,849","5,251,723",67,325,미국,미국,,워너브러더스 코리아(주),15세이상관람가,"액션,드라마,스릴러",토드 필립스,"호아킨 피닉스,재지 비츠,로버트 드 니로,프란시스 콘로이,브렛 컬렌"
50,와일드라이프,2019-12-25,"30,228,360",0.0%,"98,869,120","3,715","12,391",36,374,미국,미국,,"그린나래미디어(주),씨네그루(주)키다리이엔티",15세이상관람가,드라마,폴 다노,"캐리 멀리건,제이크 질렌할,에드 옥슨볼드"
51,러브레터,1999-11-20,"33,498,520",0.0%,"861,347,734","3,632","111,022",17,218,일본,일본,후지텔레비젼네트웍,"와이드 릴리즈(주),(주)제이앤씨미디어그룹,(유)조이앤시네마,(주)팝엔터테인먼트",전체관람가,"멜로/로맨스,드라마",이와이 슌지,"나까야마 미호,토요카와 에츠시,사카이 미키"
52,알라딘,2019-05-23,"27,784,000",0.0%,"106,982,922,359","3,473","12,555,756",6,46,미국,미국,,월트디즈니컴퍼니코리아 유한책임회사,전체관람가,"어드벤처,가족,판타지",가이 리치,"메나 마수드,윌 스미스,나오미 스콧"
53,작은 아씨들,2020-02-12,"25,709,000",0.0%,"25,709,000","3,127","3,127",6,30,미국,미국,,소니픽쳐스엔터테인먼트코리아주식회사극장배급지점,전체관람가,"드라마,멜로/로맨스",그레타 거윅,"시얼샤 로넌,엠마 왓슨,플로렌스 퓨,엘리자 스캔런,로라 던,티모시 샬라메,메릴 스트립"
54,페인 앤 글로리,2020-02-05,"26,893,800",0.0%,"26,893,800","3,034","3,034",20,52,스페인,스페인,,(주)제이앤씨미디어그룹,청소년관람불가,드라마,페드로 알모도바르,"페넬로페 크루즈,안토니오 반데라스"
55,"베를린, 아이 러브 유",2019-12-04,"4,304,000",0.0%,"5,693,900","2,980","3,146",1,10,독일,독일,,(주)영화사 안다미로,15세이상관람가,멜로/로맨스,"피터 첼섬,틸 슈바이거,다이아나 애그론,데니스 간젤,마시 태지딘,대니 레비","키이라 나이틀리,헬렌 미렌,짐 스터게스,미키 루크,패트릭 뎀시,디에고 루나,짐 스터게스"
56,겨울왕국,2014-01-16,"25,406,500",0.0%,"82,509,480,900","2,966","10,301,709",6,107,미국,미국,,소니픽쳐스릴리징월트디즈니스튜디오스코리아(주),전체관람가,"애니메이션,어드벤처,가족,코미디,뮤지컬,판타지","크리스 벅,제니퍼 리","이디나 멘젤,크리스틴 벨,조나단 그로프,조시 게드"
57,파비안느에 관한 진실,2019-12-05,"20,511,260",0.0%,"301,510,700","2,798","45,268",20,169,프랑스,프랑스,,(주)티캐스트,12세이상관람가,드라마,고레에다 히로카즈,"까뜨린느 드뇌브,줄리엣 비노쉬,에단 호크"
58,결혼 이야기,2019-11-27,"21,749,200",0.0%,"185,071,760","2,366","22,480",7,117,영국,영국,,판씨네마(주),15세이상관람가,"멜로/로맨스,드라마,코미디",노아 바움백,"스칼렛 요한슨,아담 드라이버,로라 던"
59,쥬만지: 넥스트 레벨,2019-12-11,"18,350,960",0.0%,"8,793,014,370","2,303","1,057,266",13,119,미국,미국,,소니픽쳐스엔터테인먼트코리아주식회사극장배급지점,12세이상관람가,액션,제이크 캐스단,"드웨인 존슨,잭 블랙,케빈 하트,카렌 길런,아콰피나"
60,조조 래빗,2020-02-05,"16,823,000",0.0%,"16,823,000","2,162","2,162",6,28,미국,미국,,월트디즈니컴퍼니코리아 유한책임회사,12세이상관람가,"코미디,드라마,전쟁",타이카 와이티티,"스칼렛 요한슨,로만 그리핀 데이비스,타이카 와이티티,토마신 맥켄지,샘 록웰,레벨 윌슨,스테판 머천트,알피 알렌"
61,벌룬,2020-01-16,"16,365,500",0.0%,"16,366,500","1,941","1,942",24,271,독일,독일,,주식회사 세미콜론스튜디오,12세이상관람가,"드라마,스릴러",미카엘 헤르비그,"프리드리히 뮈케,카롤리네 슈허,데이빗 크로스,토마스 크레취만"
62,프란치스코 교황 : 맨 오브 히스 워드,2019-11-21,"13,642,000",0.0%,"286,673,260","1,940","39,222",5,84,이탈리아,"이탈리아,스위스,독일,프랑스",,"㈜영화사 백두대간,영화사 풀",전체관람가,다큐멘터리,빔 벤더스,프란치스코
63,원스 어폰 어 타임... 인 할리우드,2019-09-25,"13,802,000",0.0%,"2,283,609,670","1,870","279,189",18,76,미국,미국,,소니픽쳐스엔터테인먼트코리아주식회사극장배급지점,청소년관람불가,"드라마,코미디",쿠엔틴 타란티노,"레오나르도 디카프리오,브래드 피트,마고 로비,에밀 허쉬,마가렛 퀄리,티모시 올리펀트,줄리아 버터스,오스틴 버틀러,다코타 패닝,브루스 던,마이크 모,루크 페리,데미안 루이스,알 파치노,커트 러셀,조 벨"
64,아이리시맨,2019-11-20,"14,356,440",0.0%,"307,823,340","1,770","36,493",6,76,미국,미국,,판씨네마(주),청소년관람불가,"범죄,드라마,스릴러",마틴 스코세이지,"로버트 드 니로,알 파치노,조 페시,하비 케이틀"
65,쥬라기 프레데터,2019-12-16,"3,564,000",0.0%,"3,565,000","1,710","1,711",1,10,영국,영국,,(주)영화사 안다미로,15세이상관람가,액션,앤드류 존스,
66,쥬라기 펫의 모험,2019-12-24,"3,379,000",0.0%,"3,380,000","1,601","1,602",1,11,미국,미국,,(주)영화사 안다미로,12세이상관람가,"판타지,어드벤처",라이언 벨가드,
67,지옥의 영웅들,,"3,172,000",0.0%,"5,694,000","1,581","2,778",1,20,미국,미국,,,,"액션,전쟁",돈 시겔,"스티브 맥퀸,바비 다린"
68,날씨의 아이,2019-10-30,"13,023,240",0.0%,"5,426,311,650","1,561","657,437",2,45,일본,일본,,"(주)미디어캐슬,워터홀컴퍼니(주)",15세이상관람가,"애니메이션,판타지,멜로/로맨스",신카이 마코토,"다이고 코타로,모리 나나,오구리 슌"
69,밤길,,"3,093,000",0.0%,"3,239,000","1,539","1,598",1,20,미국,미국,유니버셜 픽쳐스,,,"서부극(웨스턴),어드벤처",제임스 닐슨,"제임스 스튜어트,오디 머피,댄 두리아,다이앤 포스터"
70,컨트롤 그룹,2019-12-09,"2,664,000",0.0%,"2,665,000","1,530","1,531",1,9,미국,미국,,(주)영화사 안다미로,청소년관람불가,공포(호러),,
71,존과 맥의 요상한 우주여행,2019-12-24,"2,944,000",0.0%,"2,945,000","1,514","1,515",1,11,미국,미국,,(주)영화사 안다미로,12세이상관람가,"SF,드라마",,
72,디어스킨,2020-01-01,"13,055,280",0.0%,"14,540,280","1,484","1,673",15,181,프랑스,프랑스,,M&M 인터내셔널,청소년관람불가,스릴러,,"장 뒤자르댕,아델 에넬"
73,루프홀,2019-12-16,"2,659,000",0.0%,"2,660,000","1,465","1,466",1,10,미국,미국,,(주)영화사 안다미로,15세이상관람가,"SF,드라마",,
74,작은 빛,2020-01-23,"11,907,960",0.0%,"13,554,960","1,454","1,693",21,147,한국,한국,영화사 낭,(주)시네마달,12세이상관람가,"드라마,가족",조민재,"곽진무,변중희,신문성,김현"
75,누구를 위한 반역인가,,"2,916,000",0.0%,"2,916,000","1,453","1,453",1,16,미국,미국,,,,"드라마,스릴러,전쟁",조지 시튼,"윌리엄 홀든,릴리 팔머"
76,델리리움,2019-12-09,"2,214,000",0.0%,"2,215,000","1,440","1,441",1,9,미국,미국,,(주)영화사 안다미로,15세이상관람가,공포(호러),조니 마틴,라이언 핑크스톤
77,브라 이야기,2020-01-16,"10,724,440",0.0%,"10,724,440","1,343","1,343",12,144,독일,독일,,알토미디어(주),12세이상관람가,"드라마,코미디",바이트 헬머,"파즈 베가,드니 라방,마이아 모겐스턴,슐판 하마토바,미키 마뇰로비치"
78,두번할까요,2019-10-17,"13,310,000",0.0%,"1,470,966,120","1,331","177,351",5,5,한국,한국,(주)영화사울림,(주)리틀빅픽쳐스,15세이상관람가,"코미디,멜로/로맨스",박용집,"권상우,이정현,이종혁,성동일,정상훈,김현숙,박경혜,구성환,김근영,강덕중,윤재인"
79,바이킹족의 혈투,,"2,664,000",0.0%,"2,664,000","1,327","1,327",1,20,이탈리아,"이탈리아,유고슬라비아",,,,"액션,어드벤처,드라마","리처드 소프,페르디난도 발디",빅토르 머쳐
80,마리오 보타 : 영혼을 위한 건축,2020-01-23,"9,948,880",0.0%,"9,948,880","1,290","1,290",10,78,스위스,스위스,,하준사,전체관람가,다큐멘터리,"로레타 달포죠,미셸 볼론테","마리오 보타,줄리아노 반지,이상각,주디타 보타"
81,주디,2020-03-25,"10,204,800",0.0%,"10,204,800","1,237","1,237",6,24,영국,영국,,TCO(주)더콘텐츠온,12세이상관람가,"드라마,멜로/로맨스",루퍼트 굴드,르네 젤위거
82,대함정,,"2,416,000",0.0%,"2,416,000","1,203","1,203",1,20,프랑스,"프랑스,이탈리아",,,,"액션,어드벤처",,장 마레
83,어제 일은 모두 괜찮아,2019-11-21,"4,439,000",0.0%,"134,969,280","1,095","18,851",2,9,한국,한국,(주)부영엔터테인먼트,(주)삼백상회,15세이상관람가,드라마,이성한,"김재철,윤찬영,손상연,김민주,김진영,박건주,김민주,이은샘"
84,청춘빌라 살인사건,2020-01-02,"6,714,500",0.0%,"7,332,500","1,068","1,171",6,81,한국,한국,(주)메가폰엔터테인먼트,(주)미로스페이스,15세이상관람가,"코미디,범죄,드라마",신해강,"김영호,김정팔,윤봉길,강한샘,김태정,백인호,정현호"
85,일 트로바토레,2020-01-12,"25,068,000",0.0%,"25,068,000","1,065","1,065",5,33,독일,독일,,(주)케빈앤컴퍼니,전체관람가,"공연,드라마,멜로/로맨스",프랑코 제피렐리,안나 네트렙코
86,라스트 크리스마스,2019-12-05,"5,695,300",0.0%,"2,064,086,430","1,060","250,383",6,31,미국,미국,,유니버설픽쳐스인터내셔널 코리아(유),12세이상관람가,"코미디,멜로/로맨스",폴 페이그,"에밀리아 클라크,엠마 톰슨,헨리 골딩"
87,아담스 패밀리,2019-11-07,"10,480,000",0.0%,"2,647,371,140","1,048","331,003",5,5,미국,"미국,영국,캐나다",,유니버설픽쳐스인터내셔널 코리아(유),전체관람가,"애니메이션,코미디,가족","그렉 티어넌,콘래드 베논","샤를리즈 테론,클로이 모레츠,오스카 아이삭,핀 울프하드,폼 클레멘티에프"
88,전장이여 영원히,,"2,088,000",0.0%,"4,010,000","1,044","2,005",1,20,미국,미국,,,,"드라마,전쟁",필 칼슨,"제프리 헌터,데이비드 잰슨"
89,플레이보이,,"2,086,000",0.0%,"2,086,000","1,043","1,043",1,16,미국,미국,,,,코미디,마이클 고든,킴 노박
90,트레져 헌터: 비밀의 책,2020-01-14,"4,657,000",0.0%,"4,657,000",990,990,5,31,중국,중국,,(주)소나무픽쳐스,12세이상관람가,멜로/로맨스,,
91,리틀 큐,2020-01-09,"7,222,460",0.0%,"12,020,460",947,"1,494",37,240,홍콩,홍콩,,(주)미로스페이스,전체관람가,드라마,나영창,"임달화,양영기"
92,4인의 무뢰한,1971-05-28,"1,762,000",0.0%,"2,628,000",881,"1,309",1,10,미국,미국,유나이티드 아티스트,,,"서부극(웨스턴),액션",조세프 페브니,"돌로레스 하트,존 색슨,제프 챈들러"
93,터미네이터: 다크 페이트,2019-10-30,"10,590,000",0.0%,"20,164,485,830",876,"2,409,938",2,6,미국,미국,,월트디즈니컴퍼니코리아 유한책임회사,15세이상관람가,"액션,어드벤처,SF",팀 밀러,"맥켄지 데이비스,아놀드 슈왈제네거,린다 해밀턴,나탈리아 레이즈,가브리엘 루나"
94,디아스포라의 노래 : 아리랑 로드,2019-12-12,"4,325,000",0.0%,"12,674,500",863,"2,250",4,27,한국,한국,KBS 미디어,(주)드림팩트엔터테인먼트,전체관람가,다큐멘터리,이규철,양방언
95,사냥의 시간,,"7,388,000",0.0%,"7,388,000",850,850,2,5,한국,한국,(주)싸이더스,(주)리틀빅픽쳐스,,스릴러,윤성현,"이제훈,안재홍,최우식,박정민,박해수,이서준"
96,극장판 미니특공대: 공룡왕 디노,2020-02-06,"7,587,000",0.0%,"7,587,000",843,843,4,4,한국,한국,(주)삼지애니메이션,(주)리틀빅픽쳐스,전체관람가,애니메이션,이영준,"신용우,엄상현,양정화,이소영,전태열,남도형,소연"
97,제미니 맨,2019-10-09,"8,430,000",0.0%,"3,304,399,230",843,"388,185",5,5,미국,미국,,롯데컬처웍스(주)롯데엔터테인먼트,12세이상관람가,"액션,드라마,SF",이안,"윌 스미스,메리 엘리자베스 윈스티드,클라이브 오웬,베네딕트 웡"
98,소림쿵푸: 마지막 대결,2019-12-30,"3,963,000",0.0%,"4,681,000",841,998,2,24,중국,중국,,(주)소나무픽쳐스,12세이상관람가,액션,,
99,헤로니모,2019-11-21,"5,696,000",0.0%,"117,251,720",840,"15,980",4,35,한국,"한국,미국",커넥트픽쳐스(주),커넥트픽쳐스(주),전체관람가,다큐멘터리,전후석,"헤로니모,전후석"
100,철가면,,"1,662,000",0.0%,"1,662,000",831,831,1,12,프랑스,"프랑스,이탈리아",,,,어드벤처,,장 마레
101,82년생 김지영,2019-10-23,"6,869,000",0.0%,"30,305,411,310",826,"3,678,982",3,16,한국,한국,(주)봄바람영화사,롯데컬처웍스(주)롯데엔터테인먼트,12세이상관람가,드라마,김도영,"정유미,공유,김미경,공민정,박성연,이봉련,김성철,이얼,전국향,박세현,김미경,손성찬,강애심,김정영,예수정,염혜란,김해나,어성욱,권귀빈"
102,산딸기,2013-05-16,"1,626,000",0.0%,"10,256,700",808,"1,983",1,15,스웨덴,스웨덴,,㈜영화사 백두대간,12세이상관람가,드라마,잉마르 베리만,"빅터 소스트롬,비비 안데르손"
103,소녀가 소녀에게,2020-01-09,"7,761,100",0.0%,"7,876,100",796,819,9,95,일본,일본,,(주)디오시네마,15세이상관람가,드라마,에다 유카,
104,걸한트,,"1,558,000",0.0%,"1,558,000",779,779,1,20,미국,미국,,,,"코미디,멜로/로맨스",리처드 소프,스티브 맥퀸
105,성혜의 나라,2020-01-30,"6,222,480",0.0%,"6,404,480",778,815,28,60,한국,한국,닷 팩토리,아이 엠,12세이상관람가,드라마,정형석,"송지인,강두"
106,썩시드,2020-01-09,"7,331,200",0.0%,"9,405,200",774,"1,028",12,131,태국,태국,,주식회사 슈아픽처스,12세이상관람가,코미디,차야놉 분프라콥,
107,사탄은 잠들지 않는다,,"1,540,000",0.0%,"1,678,000",770,800,1,12,미국,미국,,,,"드라마,전쟁",레오 맥커레이,"윌리엄 홀든,클리프톤 웹"
108,카잔자키스,2020-01-30,"5,713,440",0.0%,"6,432,440",765,888,20,49,기타,기타,,(주)마노엔터테인먼트,12세이상관람가,드라마,,오디세즈 파파스필리오풀로스
109,더 프린세스 : 도둑맞은 공주,,"7,640,000",0.0%,"7,690,000",764,774,1,2,우크라이나,우크라이나,,(주)팝엔터테인먼트,전체관람가,"애니메이션,판타지",올레말라므,
110,그리고 신은 여자를 창조했다,,"1,522,000",0.0%,"1,522,000",761,761,1,15,프랑스,프랑스,,,,드라마,로제 바딤,브리지트 바르도
111,그린 북,2019-01-09,"6,091,500",0.0%,"3,678,414,860",748,"439,748",5,19,미국,미국,,CGV아트하우스,12세이상관람가,드라마,피터 패럴리,"비고 모텐슨,마허샬라 알리"
112,이태원,2019-12-05,"6,143,000",0.0%,"24,738,260",725,"3,096",7,115,한국,한국,영희야 놀자,KT&G 상상마당 영화사업팀 컴퍼니에스에스(주),15세이상관람가,다큐멘터리,강유가람,"삼숙,나키,영화"
113,벌새,2019-08-29,"6,113,000",0.0%,"1,181,979,074",701,"145,441",4,52,한국,한국,에피파니(주),"(주)엣나인필름,(주)콘텐츠판다",15세이상관람가,드라마,김보라,"박지후,김새벽,정인기,이승연,박수연,손용범,박서윤,길해연,손상연,설혜인,송경아,백금옥,엄경희,정원자,한승목,류혁진,원다영,곽다은,오명은,권세빈,조시연,권귀빈,박윤희,박윤희,김미향,안민영,엄윤채,김상호,김소현,김수연,이종윤,최수빈,이선주,정혜영,최원경,김종구,정경섭,조혜빈,윤태희,이현주,이연우,김예지,이예림,김채윤,김지원,김정헌,이춘희,이유진,정윤서,최민서,안진현,임세연,손채연,임혜원,안예은,형영선,박수현"
114,블랙머니,2019-11-13,"3,500,000",0.0%,"20,866,634,010",700,"2,479,664",5,35,한국,한국,"유한회사 질라라비,(주)아우라픽처스",(주)에이스메이커무비웍스,12세이상관람가,"범죄,드라마",정지영,"조진웅,이하늬,이경영,강신일,최덕문,조한철,허성태,강도연,정인기,윤진영,박영빈,최정현,엄지만,천재홍"
115,연산군,1962-01-01,"1,363,000",0.0%,"15,254,000",679,"7,453",1,12,한국,한국,신필름,,청소년관람불가,"사극,드라마",신상옥,"신영균,최은희,도금봉,신성일,김동원"
116,가버나움,2019-01-24,"5,208,500",0.0%,"1,208,433,519",652,"146,296",5,14,기타,기타,,"그린나래미디어(주),플레이리스트(주)",15세이상관람가,드라마,나딘 라바키,"자인 알 라피아,요르다노스 시프로우,보루와티프 트레저 반콜,나딘 라바키"
117,버즈 오브 프레이(할리 퀸의 황홀한 해방),2020-02-05,"9,360,000",0.0%,"9,360,000",624,624,1,1,미국,미국,,워너브러더스 코리아(주),15세이상관람가,"액션,어드벤처,범죄",캐시 얀,"마고 로비,메리 엘리자베스 윈스티드,저니 스몰렛,로지 페레즈,이완 맥그리거,크리스 메시나,엘라 제이 바스코"
118,리버티 밸런스를 쏜 사나이,,"1,192,000",0.0%,"13,746,000",596,"6,198",1,13,미국,미국,,,,서부극(웨스턴),존 포드,존 웨인
119,차타레부인의 사랑,1981-08-01,"1,166,000",0.0%,"7,440,000",583,"3,512",1,11,프랑스,"프랑스,영국,독일",,(주)피터팬픽쳐스,연소자관람불가,"드라마,멜로/로맨스,성인물(에로)",쥐스트 쟈깽,"실비아 크리스텔,앤 미첼,쉐인 브라이언트"
120,토이 스토리 4,2019-06-20,"4,727,500",0.0%,"28,763,179,540",569,"3,400,603",6,33,미국,미국,,월트디즈니컴퍼니코리아 유한책임회사,전체관람가,"애니메이션,어드벤처,코미디",조시 쿨리,"톰 행크스,팀 알렌,애니 팟츠,토니 헤일,키아누 리브스,조앤 쿠삭"
121,청춘여정,,"1,136,000",0.0%,"1,136,000",568,568,1,12,미국,미국,,,,드라마,,"캐롤 린레이,제프 챈들러"
122,작가 미상,2020-02-20,"2,619,500",0.0%,"2,619,500",522,522,7,7,독일,독일,,(주)영화사 진진,청소년관람불가,"드라마,스릴러",플로리안 헨켈 폰 도너스마르크,"톰 쉴링,세바스티안 코치,폴라 비어"
123,제시 제임스 스토리,,"1,047,000",0.0%,"1,137,000",521,541,1,10,미국,미국,,,,기타,니콜라스 레이,"로버트 와그너,제프리 헌터"
124,더 포리너,2018-02-07,"1,045,000",0.0%,"331,308,800",520,"41,574",1,16,영국,"영국,중국",,"(주)더블앤조이픽쳐스,TCO(주)더콘텐츠온",15세이상관람가,"액션,스릴러",마틴 캠벨,"성룡,피어스 브로스넌"
125,부베의 여인,,"1,048,000",0.0%,"4,486,000",519,"2,228",1,17,이탈리아,"이탈리아,프랑스",,,,"범죄,드라마",루이지 코멘치니,"클라우디아 카르디날레,조지 차키리스"
126,영화로운 나날,2019-12-12,"3,800,500",0.0%,"16,025,480",489,"2,035",5,56,한국,한국,콧수염필름즈,㈜인디스토리,12세이상관람가,"멜로/로맨스,드라마,판타지",이상덕,"조현철,김아현,전석호,서영화,이태경,공민정,윤태희"
127,월성,2019-12-12,"3,003,500",0.0%,"42,610,260",468,"5,138",5,40,한국,한국,한국탐사저널리즘센터,(주)리틀빅픽쳐스,전체관람가,다큐멘터리,"남태제,김성환",
128,아이다,2019-02-02,"6,848,000",0.0%,"79,268,000",457,"3,393",5,25,미국,미국,,(주) 인스터 글로벌,전체관람가,공연,,안나 네트렙코
129,공기인형,2010-04-08,"4,491,480",0.0%,"103,377,280",448,"13,318",15,36,일본,일본,아스믹에이스엔터테인먼트,"오드,씨제이엔터테인먼트","청소년관람불가,15세이상관람가","드라마,판타지",고레에다 히로카즈,"배두나,아라타,오다기리 조,이타오 이츠지"
130,로맨스 빠빠,1960-01-28,"870,000",0.0%,"10,673,000",435,"5,341",1,12,한국,한국,신필름,,15세이상관람가,"드라마,멜로/로맨스",신상옥,"신성일,주증녀,최은희,최은희"
131,하비,,"870,000",0.0%,"6,497,000",435,"3,215",1,15,,,,,,,,
132,지푸라기라도 잡고 싶은 짐승들,2020-02-19,"3,456,000",0.0%,"3,456,000",432,432,1,1,한국,한국,(주)비에이엔터테인먼트,메가박스중앙(주)플러스엠,청소년관람불가,"스릴러,범죄",김용훈,"전도연,정우성,배성우,윤여정,정만식,진경,신현빈,김준한,정가람,박지환,허동원,배진웅,장의돈"
133,캐롤,2016-02-04,"3,827,000",0.0%,"2,705,930,195",425,"326,375",1,13,미국,"미국,영국",,CGV아트하우스,청소년관람불가,드라마,토드 헤인즈,"케이트 블란쳇,루니 마라,카일 챈들러,제이크 레이시,사라 폴슨"
134,인비저블 게스트,2017-09-21,"852,000",0.0%,"764,629,800",407,"95,390",1,11,스페인,스페인,,(주)더블앤조이픽쳐스,15세이상관람가,"범죄,미스터리,스릴러",오리올 파울로,"마리오 카사스,안나 와게너,호세 코로나도,바바라 레니"
135,전송가,,"810,000",0.0%,"14,876,000",405,"7,450",1,8,미국,미국,유니버셜 픽쳐스,,,"전쟁,드라마",더글라스 서크,"록 허드슨,안나 카스피,댄 두리아,돈 드 프레,마사 하이어"
136,젊은 사자들,,"766,000",0.0%,"9,185,000",405,"4,655",1,4,미국,미국,,,18세 미만인 자는 관람할 수 없는 등급,"드라마,전쟁",에드워드 디미트릭,"말론 브란도,몽고메리 클리프트,딘 마틴"
137,라라랜드,2016-12-07,"3,749,000",0.0%,"30,047,900,388",397,"3,601,999",2,16,미국,미국,,판씨네마(주),12세이상관람가,"드라마,뮤지컬,멜로/로맨스",데이미언 셔젤,"엠마 스톤,라이언 고슬링,핀 위트록,J.K. 시몬스,로즈마리 드윗"
138,페어웰,,"3,116,000",0.0%,"3,116,000",396,396,2,5,미국,미국,,오드,전체관람가,"가족,드라마",룰루 왕,아콰피나
139,백야의 탈출,,"756,000",0.0%,"4,206,000",395,"1,670",1,6,미국,미국,,,,"어드벤처,드라마",윌리엄 A. 웰만,"존 웨인,로이드 놀랜"
140,무기여 잘 있거라,1974-01-01,"702,000",0.0%,"21,559,034",392,"11,625",1,6,미국,미국,,,,"드라마,멜로/로맨스",찰스 비더,"록 허드슨,제니퍼 존스,비토리오 데 시카"
141,해저 2만리,,"767,000",0.0%,"26,652,000",391,"12,880",1,9,미국,미국,월트 디즈니 프로덕션,,전체관람가,"SF,어드벤처,가족",리차드 플레이셔,"커크 더글라스,제임스 메이슨"
142,흑과 백,,"779,000",0.0%,"4,737,000",391,"2,298",1,5,미국,미국,,,12세관람가,"범죄,스릴러",스탠리 크래이머,"토니 커티스,시드니 포이티어"
143,달려오는 사람들,,"730,000",0.0%,"4,506,000",365,"2,248",1,9,미국,미국,,,,드라마,,"프랭크 시내트라,셜리 맥클레인"
144,황색리본,,"675,000",0.0%,"5,951,000",350,"2,828",1,6,미국,미국,,,,"드라마,서부극(웨스턴)",존 포드,"존 웨인,조안나 드루"
145,잃어버린 세계를 찾아서,2019-10-09,"2,546,000",0.0%,"163,817,360",349,"21,601",40,103,미국,미국,,(주)이수C&E,전체관람가,"애니메이션,어드벤처",크리스 버틀러,"휴 잭맨,조 샐다나,자크 갈리피아나키스,엠마 톰슨"
146,천국과 지옥,,"574,000",0.0%,"1,223,000",336,664,1,8,미국,미국,,,12세관람가,"드라마,전쟁",리차드 플레이셔,"로버트 와그너,테리 무어,브로데릭 크로포드"
147,레미제라블,2012-12-19,"3,012,000",0.0%,"43,103,140,000",330,"5,922,633",1,11,미국,미국,,유니버설픽쳐스인터내셔널 코리아(유),12세이상관람가,드라마,톰 후퍼,"휴 잭맨,러셀 크로우,앤 해서웨이,아만다 사이프리드,헬레나 본햄 카터"
148,오페라의 유령,2004-12-08,"2,741,500",0.0%,"10,098,420,100",317,"1,578,678",2,12,미국,미국,워너 브러더스 픽쳐스,"(주)팝엔터테인먼트,(주)드림팩트엔터테인먼트,씨제이엔터테인먼트","12세이상관람가,12세관람가","뮤지컬,드라마",조엘 슈마허,"제라드 버틀러,에미 로섬,패트릭 윌슨,미란다 리차드슨"
149,왼손잡이 권총,,"626,000",0.0%,"3,735,000",313,"1,876",1,7,미국,미국,,,15세이상관람가,서부극(웨스턴),아서 펜,"폴 뉴먼,리타 밀란"
150,물랑루즈,2001-10-26,"2,809,000",0.0%,"145,992,655",308,"22,602",2,14,미국,미국,,"(주)프레인글로벌,이십세기폭스필름코퍼레이션",15세관람가,"멜로/로맨스,뮤지컬",바즈 루어만,"이완 맥그리거,니콜 키드먼,존 레귀자모"
151,악의 손길,2008-11-24,"616,000",0.0%,"7,997,000",308,"3,348",1,8,미국,미국,,,15세관람가,"범죄,스릴러",오손 웰즈,"오손 웰즈,찰톤 헤스톤"
152,트로이의 헤렌,,"598,000",0.0%,"11,399,000",307,"5,736",1,6,미국,미국,워너 브러더스 픽쳐스,,,"사극,전쟁",로버트 와이즈,"로잔나 포에스타,자크 쎄나스,세드릭 하드윅,스탠리 베이커"
153,사람보,,"616,000",0.0%,"1,760,000",303,875,1,5,프랑스,"프랑스,이탈리아",,,,"액션,드라마",세르지오 그리코,
154,애수,,"586,000",0.0%,"40,676,500",302,"18,291",1,6,미국,미국,,,전체관람가,"드라마,전쟁,멜로/로맨스",머빈 르로이,"비비안 리,로버트 테일러"
155,라보엠,2014-12-20,"4,678,000",0.0%,"69,302,000",299,"4,613",6,14,독일,독일,,(주)쓰리캣프로덕션,전체관람가,멜로/로맨스,로버트 돈헴,안나 네트렙코
156,삽질,2019-11-14,"2,060,000",0.0%,"123,401,530",294,"15,570",2,7,한국,한국,ohmynews,(주)엣나인필름,12세이상관람가,다큐멘터리,김병기,"이명박,김종술,김병기"
157,졸업,1971-06-19,"2,382,000",0.0%,"6,388,000",294,"1,177",1,2,미국,미국,유나이티드 아티스트,시네마 뉴원,"청소년관람불가,15세이상관람가","드라마,코미디",마이크 니콜스,"앤 밴크로프트,더스틴 호프만"
158,인생의 조건,,"586,000",0.0%,"2,104,000",293,"1,052",1,8,미국,미국,,,,"코미디,드라마,멜로/로맨스",로버트 멀리건,
159,너의 이름은.,2017-01-04,"2,232,000",0.0%,"29,898,038,256",279,"3,715,368",1,2,일본,일본,,메가박스중앙(주)플러스엠,12세이상관람가,"애니메이션,드라마,멜로/로맨스",신카이 마코토,"카미키 류노스케,카미시라이시 모네,나가사와 마사미,이치하라 에수코,유키 아오이,시마자키 노부나가,이시카와 카이토,타니 카논"
160,시마론,,"534,000",0.0%,"4,355,000",275,"2,183",1,6,,,,,,,,
161,조,2019-07-11,"1,621,000",0.0%,"138,377,096",270,"17,048",1,2,미국,미국,,(주)팝엔터테인먼트,15세이상관람가,"멜로/로맨스,SF",드레이크 도리머스,"레아 세이두,이완 맥그리거"
162,서울의 지붕 밑,,"502,000",0.0%,"5,853,000",263,"2,945",1,6,한국,한국,신필름,,,"코미디,드라마",이형표,"김승호,허장강,김희갑,최은희,김진규,황정순"
163,누구를 위하여 종은 울리나,1972-03-18,"516,000",0.0%,"33,205,586",258,"18,344",1,15,미국,미국,파라마운트 픽쳐스,,미정,"드라마,멜로/로맨스,전쟁",샘 우드,"잉그리드 버그만,게리 쿠퍼"
164,벽안의 나비부인,,"502,000",0.0%,"1,884,000",251,942,1,8,미국,미국,,,,"코미디,드라마,멜로/로맨스",잭 카디프,"셜리 맥클레인,이브 몽땅"
165,과외 누나,2020-01-03,"1,183,000",0.0%,"1,183,000",244,244,20,20,한국,한국,(주)케이알씨지,(주)케이알씨지,청소년관람불가,멜로/로맨스,이가온,
166,아스테릭스: 마법 물약의 비밀,2019-12-12,"1,244,000",0.0%,"78,814,680",244,"12,714",3,10,프랑스,프랑스,,(주)박수엔터테인먼트,전체관람가,"애니메이션,어드벤처","루이 클리시,알렉상드르 아스티에","박성영,서반석"
167,엄마와 딸,2020-01-30,"1,183,000",0.0%,"1,183,000",244,244,20,20,한국,한국,(주)케이알씨지,(주)케이알씨지,청소년관람불가,멜로/로맨스,이동현,
168,멀홀랜드 드라이브,2001-11-30,"1,158,000",0.0%,"105,900,882",241,"13,341",1,4,미국,미국,,(주)영화사 안다미로,18세관람가,"드라마,미스터리",데이빗 린치,"로라 해링,나오미 왓츠"
169,크롤,2019-11-27,"1,872,000",0.0%,"1,128,159,080",240,"140,576",1,10,미국,미국,,롯데컬처웍스(주)롯데엔터테인먼트,15세이상관람가,"액션,스릴러",알렉산더 아야,"카야 스코델라리오,배리 페퍼"
170,대통령의 7시간,2019-11-14,"1,874,000",0.0%,"241,256,840",238,"28,618",4,50,한국,한국,(주)씨네포트,"(주)씨네포트,주식회사 마운틴픽쳐스",12세이상관람가,다큐멘터리,이상호,
171,허슬러,2019-11-27,"1,572,000",0.0%,"358,343,960",236,"44,045",5,52,미국,미국,,"(주)제이앤씨미디어그룹,TCO(주)더콘텐츠온",청소년관람불가,"범죄,드라마",로렌 스카파리아,"제니퍼 로페즈,콘스탄스 우,릴리 라인하트,줄리아 스타일즈"
172,보리밭을 흔드는 바람,2006-11-02,"1,414,000",0.0%,"93,828,620",229,"14,267",1,9,영국,"영국,독일,아일랜드,이탈리아",,"(주)영화사 진진,(주)동숭아트센터",15세관람가,드라마,켄 로치,"킬리언 머피,리암 커닝햄"
173,빈폴,2020-02-27,"1,790,000",0.0%,"1,790,000",229,229,2,3,러시아,러시아,,(주)팝엔터테인먼트,15세이상관람가,"드라마,전쟁",칸테미르 발라고프,"빅토리아 미로시니첸코,바실리사 페렐리지나"
174,러브 앳,2019-11-27,"1,773,000",0.0%,"746,898,500",226,"93,311",2,15,프랑스,"프랑스,벨기에",,(주)크리픽쳐스,12세이상관람가,"멜로/로맨스,코미디",위고 젤랭,프랑수아 시빌
175,올모스트 엔젤스,,"432,000",0.0%,"1,336,000",216,668,1,12,미국,미국,,,,"가족,코미디",,한스 홀트
176,속물들,2019-12-12,"1,161,800",0.0%,"22,110,240",214,"2,970",3,32,한국,한국,영화사고래,(주)삼백상회,15세이상관람가,드라마,"신아가,이상철","유다인,심희섭,송재림,유재명,옥자연,백수장,이경민,조현식,윤충"
177,하이큐!! 재능과 센스,2017-11-15,"1,010,000",0.0%,"311,593,500",202,"43,487",1,2,일본,일본,,(주)이수C&E,12세이상관람가,애니메이션,미츠나카 스스무,
178,행동하는 양심 김대중,2019-11-28,"1,800,000",0.0%,"45,039,360",200,"5,676",1,1,한국,한국,명량문화재단,주식회사 마운틴픽쳐스,12세이상관람가,다큐멘터리,신상민,"김대중,이금희"
179,하이큐!! 콘셉트의 싸움,2018-01-11,"985,000",0.0%,"183,813,000",197,"25,144",1,2,일본,일본,,(주)팝엔터테인먼트,12세이상관람가,애니메이션,미츠나카 스스무,
180,메기,2019-09-26,"1,650,000",0.0%,"327,981,828",191,"38,886",1,15,한국,한국,"국가인권위원회,2X9HD","(주)엣나인필름,CGV아트하우스",15세이상관람가,"미스터리,코미디",이옥섭,"이주영,문소리,구교환,동방우,권해효,김꽃비,오희준,박경혜,박강섭,임수형,심달기,박종환,윤정재,던밀스,박길수,천우희,이주영,이옥섭,유지영"
181,전쟁과 평화,1977-09-27,"380,000",0.0%,"28,655,774",190,"14,810",1,3,미국,미국,파라마운트 픽쳐스,,연소자관람가,"드라마,멜로/로맨스,전쟁",킹 비더,"오드리 헵번,헨리 폰다,멜 페레,비토리오 가스만"
182,기인들,,"352,000",0.0%,"8,473,000",185,"3,927",1,6,미국,미국,,,,"서부극(웨스턴),드라마",존 휴스턴,"클라크 게이블,마릴린 몬로,몽고메리 클리프트"
183,애국자 게임 2 - 지록위마,,"1,203,000",0.0%,"6,781,500",183,883,2,17,한국,한국,,,,다큐멘터리,경순,
184,그대와 영원히,1958-01-15,"360,000",0.0%,"3,733,000",180,"1,899",1,15,한국,한국,삼성영화사,,,"액션,드라마,멜로/로맨스",유현목,"이룡,도금봉,장민호"
185,카센타,2019-11-27,"1,080,000",0.0%,"112,552,000",180,"14,839",1,1,한국,한국,팔팔애비뉴(주),(주)트리플픽쳐스,15세이상관람가,"범죄,코미디",하윤재,"박용우,조은지,현봉식,김한종,이서환,안민영,황재열"
186,돈 워리,2019-07-25,"1,075,000",0.0%,"121,990,854",179,"15,745",1,2,미국,미국,,"그린나래미디어(주),(주)다날엔터테인먼트",15세이상관람가,드라마,구스 반 산트,"호아킨 피닉스,조나 힐,루니 마라,잭 블랙"
187,폴링 인 러브,1987-03-21,"366,000",0.0%,"4,186,000",178,"2,021",1,15,미국,미국,,,미성년자관람불가,"드라마,멜로/로맨스",울루 그로스바드,메릴 스트립
188,하이큐!! 끝과 시작,2016-11-16,"880,000",0.0%,"728,665,000",176,"100,030",1,2,일본,일본,,(주)팝엔터테인먼트,12세이상관람가,애니메이션,미츠나카 스스무,"히노 사토시,이리노 미유"
189,하이큐!! 승자와 패자,2016-12-28,"875,000",0.0%,"382,735,000",175,"53,373",1,2,일본,일본,,"(주)이수C&E,(주)팝엔터테인먼트",12세이상관람가,애니메이션,미츠나카 스스무,
190,아들과 연인,,"348,000",0.0%,"348,000",174,174,1,5,영국,영국,,,,드라마,잭 카디프,"트레버 하워드,딘 스톡웰"
191,무한정사,2020-01-02,"940,000",0.0%,"940,000",171,171,20,20,한국,한국,오디씨네마,오디씨네마,청소년관람불가,성인물(에로),최재후,
192,주말 오후6시의 연인,2020-01-16,"943,000",0.0%,"943,000",171,171,20,20,한국,한국,(주)나우콘텐츠,(주)나우콘텐츠,청소년관람불가,멜로/로맨스,왕지방,"민도윤,조완진"
193,경계선,2019-10-24,"1,401,000",0.0%,"149,662,880",170,"17,884",1,22,스웨덴,"스웨덴,덴마크",,(주)제이앤씨미디어그룹,청소년관람불가,"판타지,멜로/로맨스",알리 아바시,"에바 멜란데르,에로 밀로노프"
194,도도녀 길들이기,2020-01-10,"937,000",0.0%,"988,000",170,187,20,20,한국,한국,선셋 시네마,선셋 시네마,청소년관람불가,"멜로/로맨스,코미디",신성진,
195,세상을 바꾼 변호인,2019-06-13,"1,021,000",0.0%,"388,107,170",170,"49,625",1,1,미국,미국,,CGV아트하우스,12세이상관람가,드라마,미미 레더,"펠리시티 존스,아미 해머,저스틴 세럭스,캐시 베이츠,샘 워터스톤"
196,신데렐라,2018-12-01,"2,424,000",0.0%,"41,170,000",170,"1,924",6,17,미국,미국,,(주) 인스터 글로벌,전체관람가,공연,,
197,지구를 지켜라,2003-04-04,"1,331,000",0.0%,"2,190,500",170,315,1,1,한국,한국,(주)싸이더스,씨제이엔터테인먼트,18세관람가,코미디,장준환,"신하균,백윤식,황정민,이재용,이주현,기주봉,김영찬,김동현,이현아,김중규,이무현,김뢰하,예수정,김기천"
198,대리 남편,2020-01-03,"933,000",0.0%,"933,000",169,169,20,20,한국,한국,재밌는 그림,(주)태왕엔터웍스,청소년관람불가,기타,박준석,
199,아내와 내 친구들,2020-01-03,"934,000",0.0%,"934,000",169,169,20,20,한국,한국,(주)나우콘텐츠,(주)나우콘텐츠,청소년관람불가,멜로/로맨스,최재후,조완진
200,어린 관리사,2020-01-10,"933,000",0.0%,"933,000",169,169,20,20,한국,한국,(주)영화사히트,(주)영화사히트,청소년관람불가,성인물(에로),최성은,
201,어린 누나 4,2020-01-23,"933,000",0.0%,"933,000",169,169,20,20,한국,한국,너바나 필름,(주)컨텐츠 빌리지,청소년관람불가,멜로/로맨스,김태수,
202,어린 이모 3,2020-01-02,"933,000",0.0%,"933,000",169,169,20,20,한국,한국,모히또필름,(주)컨텐츠 빌리지,청소년관람불가,멜로/로맨스,계장혁,
203,어린 처형 3,2020-01-09,"934,000",0.0%,"934,000",169,169,20,20,한국,한국,모히또필름,(주)컨텐츠 빌리지,청소년관람불가,멜로/로맨스,정진호,
204,엄마의 일기,2020-01-30,"933,000",0.0%,"933,000",169,169,20,20,한국,한국,컨텐츠레드,(주)컨텐츠 빌리지,청소년관람불가,멜로/로맨스,최우성,
205,처제의 비밀,2020-01-29,"933,000",0.0%,"933,000",169,169,20,20,한국,한국,(주)나우콘텐츠,(주)나우콘텐츠,청소년관람불가,멜로/로맨스,최재후,조완진
206,동경 이야기,2014-08-16,"1,236,000",0.0%,"11,353,400",163,"1,522",1,2,일본,일본,,오드,전체관람가,드라마,오즈 야스지로,"치슈 류,히가시야마 치에코"
207,프란츠,2017-07-20,"1,287,000",0.0%,"152,716,300",163,"20,983",1,4,프랑스,프랑스,,찬란,12세이상관람가,"멜로/로맨스,드라마",프랑수아 오종,"피에르 니네이,폴라 비어"
208,무림방주: 절대고수의 탄생,2020-01-10,"669,000",0.0%,"669,000",162,162,18,44,중국,중국,,(유)조이앤시네마,15세이상관람가,"사극,액션",조지,황건
209,천로역정: 천국을 찾아서,2019-06-13,"339,000",0.0%,"2,203,177,010",162,"296,750",1,8,미국,미국,,"(재)CBS,주식회사 마운틴픽쳐스",전체관람가,"애니메이션,어드벤처",로버트 페르난데스,
210,"나, 다니엘 블레이크",2016-12-08,"995,000",0.0%,"741,859,460",161,"98,966",2,9,영국,영국,,(주)영화사 진진,12세이상관람가,드라마,켄 로치,데이브 존스
211,자매들:감금의 추억,2020-01-17,"888,000",0.0%,"888,000",160,160,20,20,한국,한국,주식회사 플릭스코,주식회사 플릭스코,청소년관람불가,드라마,한동호,민도윤
212,기억할 만한 지나침,2019-12-19,"971,000",0.0%,"1,681,500",157,274,5,50,한국,한국,순리필름,영화배급협동조합 씨네소파,15세이상관람가,드라마,박영임,
213,아이 엠 브리딩,2019-12-19,"1,022,000",0.0%,"8,307,600",150,"1,167",4,42,영국,영국,,독포레스트,12세이상관람가,다큐멘터리,"엠마 데이비,모라그 맥키넌","닐 플랫,루이즈 플랫,오스카 플랫,린 플랫"
214,일일시호일,2019-01-17,"1,236,000",0.0%,"332,495,019",148,"42,079",1,10,일본,일본,,(주)영화사 진진,12세이상관람가,드라마,오오모리 타츠시,"키키 키린,타베 미카코,쿠로키 하루"
215,박서방,1960-10-05,"294,000",0.0%,"13,445,000",147,"6,562",1,11,한국,한국,,,12세이상관람가,"가족,드라마",강대진,"김진규,김혜정,황정순,엄앵란,윤정란"
216,나의 특별한 형제,2019-05-01,"1,008,000",0.0%,"12,082,626,074",144,"1,478,300",1,1,한국,한국,"(주)명필름,(주)조이래빗",(주)넥스트엔터테인먼트월드(NEW),12세이상관람가,"드라마,코미디",육상효,"신하균,이광수,이솜,박철민,권해효,길해연,양소민,배명진,김자영,김한나,양조아,김기천,고봉구,김경남,송철호,박정훈,서지원,김동훈,신안진,신안진,김민석,안지호,우지현,우지현,오세은,김서원,김현빈,이선주,김희창,윤정로,김승태,강은아,김중기,고현준,이채은,이호원,목규리,김태완,정유민,최광일,이도엽,김윤호,연승빈,전채원,서희,선종남,한경원,한별"
217,이타미 준의 바다,2019-08-15,"865,000",0.0%,"190,028,160",144,"23,446",1,1,한국,한국,기린그림,(주)영화사 진진,전체관람가,다큐멘터리,정다운,"쿠마 켄고,반 시게루,유이화,양방언,유지태,김석윤,고토 사라,조순란,최윤호,유홍재,정다영,김홍주,김두율,김용관,정지우,조문현,우경국,유순자,정영선,최문규,박제봉,전봉희,손영도,신탁근,손경호,박길룡,이성주"
218,호흡,2019-12-19,"1,007,000",0.0%,"10,441,160",136,"1,308",6,53,한국,한국,한국영화아카데미,(주)영화사 그램,15세이상관람가,드라마,권만기,"윤지혜,김대건,곽자형,김가영,김수현,이선주,안민영,유정호"
219,예스터데이,2019-09-18,"1,081,000",0.0%,"2,581,294,100",135,"306,467",4,10,미국,"미국,영국",,유니버설픽쳐스인터내셔널 코리아(유),12세이상관람가,드라마,대니 보일,"히메쉬 파텔,릴리 제임스,케이트 맥키넌,에드 시런,제임스 코든,아나 디 아르마스"
220,대결,1971-01-20,"628,000",0.0%,"3,456,000",133,606,1,4,프랑스,"프랑스,이탈리아",,,,드라마,장 피에르 멜빌,"알랑 드롱,부르빌,지안 마리아 볼론테"
221,폼페이 최후의 날,1976-01-31,"266,000",0.0%,"13,155,000",133,"6,532",1,7,이탈리아,"이탈리아,스페인,서독",,,,드라마,마리오 보나드,"크리스틴 카우프먼,스티브 리브스"
222,나바론 요새,1974-07-20,"264,000",0.0%,"22,574,104",132,"11,590",1,10,미국,"미국,영국",콜럼비아 픽쳐스 코포레이션,,12세이상관람가,"드라마,액션,어드벤처,전쟁",J. 리 톰슨,"그레고리 펙,안소니 퀸,데이빗 니븐"
223,거상의 길,,"258,000",0.0%,"9,334,000",129,"4,371",1,7,미국,미국,,,미정,"드라마,어드벤처",윌리엄 디터리,"엘리자베스 테일러,피터 핀치,다나 앤드류스"
224,너는 내 운명,2005-09-23,"1,590,500",0.0%,"17,656,835,000",123,"2,701,974",1,1,한국,한국,(주)영화사봄,씨제이엔터테인먼트,18세관람가,멜로/로맨스,박진표,"전도연,황정민,나문희,서주희,윤제문,김상호,이민아,임종윤,신수현,정광재,박명규,정영헌,김수연,이경아,이규복,한지원,이미소,고수희,박진우,김학선,오정세,김광규,김부선,정유석,유지연,류승수,김정영,손경원"
225,판소리 복서,2019-10-09,"739,000",0.0%,"203,067,680",123,"26,881",1,2,한국,한국,(주)바른손,CGV아트하우스,12세이상관람가,"코미디,드라마",정혁기,"엄태구,이혜리,김희원,최준영,이설,최덕문,임한빈,손석배,손영순,임성미,이홍내,원근희,신유람"
226,무영탑,,"210,000",0.0%,"2,974,000",122,"1,504",1,3,한국,한국,,,,드라마,김수용,"신영균,김지미,윤연경"
227,국제시장,2014-12-17,"606,000",0.0%,"110,943,057,730",121,"14,263,699",1,2,한국,한국,"(주)제이케이필름,씨제이이앤엠(주)",씨제이이앤엠(주),12세이상관람가,드라마,윤제균,"황정민,김윤진,오달수,정진영,장영남,라미란,김슬기,정영기,맹세창,김동원,김현중,김지영,황창기,박재우,박찬희,김예빈,김재철,김하연,김재현,이소영,류경현,황인준,이종석,이진희,전희경,박재언,유재상,김선영,정윤호,박길수,박영수,김근영,허동원,현봉식,강신철,손영순,박혜진,유정호,남진복"
228,세레나데,,"242,000",0.0%,"2,860,000",121,"1,420",1,6,미국,미국,워너 브러더스 픽쳐스,,,드라마,안소니 만,"마리오 란자,사라 몬티엘,조안 폰테인,마리오 란자,Leonora Amar"
229,"집에 돌아오면, 언제나 아내가 죽은 척을 하고있다",2020-02-20,"605,000",0.0%,"1,354,000",121,228,3,3,일본,일본,,(주)영화사 그램,12세이상관람가,"멜로/로맨스,코미디,드라마",리 토시오,"에이쿠라 나나,야스다 켄,오타니 료헤이"
230,걸즈 앤 판처 극장판,2016-08-25,"1,320,000",0.0%,"303,454,100",120,"33,468",1,1,일본,일본,,"(주)머스트씨무비릴리징컴퍼니,주식회사 온 피크",12세이상관람가,애니메이션,미즈시마 츠토무,세토 아사미
231,인 더 하우스,2013-07-04,"917,000",0.0%,"131,192,700",117,"18,001",1,3,프랑스,프랑스,,찬란,15세이상관람가,"스릴러,드라마",프랑수아 오종,"파브리스 루치니,크리스틴 스콧 토마스,에른스트 움하우어,엠마누엘 자이그너"
232,하녀,1960-11-03,"234,000",0.0%,"39,055,500",117,"8,826",1,15,한국,한국,김기영프로덕션,,"청소년관람불가,15세이상관람가","멜로/로맨스,스릴러",김기영,"김진규,이은심,주증녀,엄앵란,안성기"
233,욕망,,"232,000",0.0%,"1,337,000",116,620,1,6,미국,미국,,,,"코미디,멜로/로맨스,범죄",프랭크 보제이즈,"마를렌 디트리히,게리 쿠퍼"
234,위대한 카루소,,"230,000",0.0%,"5,314,000",115,"2,622",1,7,미국,미국,,,,드라마,리처드 소프,"마리오 란자,앤 블리스"
235,뷰티풀 보이,2019-09-19,"685,000",0.0%,"113,673,198",114,"14,546",1,1,미국,미국,,(주)이수C&E,15세이상관람가,드라마,펠릭스 반 그뢰닝엔,"스티브 카렐,티모시 샬라메"
236,추억,,"228,000",0.0%,"1,962,000",114,981,1,8,미국,미국,워너 브러더스 픽쳐스,,15세이상관람가,드라마,마이클 커티즈,"앤 블리스,폴 뉴먼,리차드 칼슨"
237,문신을 한 신부님,2020-02-13,"904,000",0.0%,"904,000",112,112,1,1,폴란드,"폴란드,프랑스",,알토미디어(주),15세이상관람가,드라마,얀 코마사,바르토스 비엘레니아
238,셰인,,"224,000",0.0%,"26,954,000",112,"12,766",1,8,미국,미국,파라마운트 픽쳐스,,,"드라마,서부극(웨스턴)",조지 스티븐스,
239,김복동,2019-08-08,"770,000",0.0%,"712,717,060",110,"89,121",1,1,한국,한국,한국탐사저널리즘센터,(주)엣나인필름,12세이상관람가,다큐멘터리,송원근,한지민
240,수상한동거,2020-01-09,"639,000",0.0%,"639,000",110,110,20,20,한국,한국,스마일컨텐츠,스마일컨텐츠,청소년관람불가,멜로/로맨스,원명준,
241,나무없는 산,2009-08-27,"327,000",0.0%,"58,353,500",109,"9,024",1,1,한국,한국,위드시네마,씨제이엔터테인먼트,전체관람가,드라마,김소영,"이수아,김희연,채길병,최도균,최도균,김성국,김성희,이강민,김종욱,이혁,이정재"
242,동년왕사,,"530,000",0.0%,"3,307,500",109,564,1,4,대만,대만,,,,드라마,허우 샤오시엔,티엔 펭
243,산상수훈,2017-12-07,"1,130,000",0.0%,"413,958,790",109,"54,858",1,4,한국,한국,(주)그란,"이언픽쳐스,(주)그란",전체관람가,드라마,유영의,"백서빈,최이선,정준영,오경원,탁우석,박창준,최현우,설준수,안순동"
244,연애센터,,"218,000",0.0%,"4,492,000",109,"2,231",1,8,미국,미국,,,,"드라마,멜로/로맨스",델머 데이브스,"트로이 도나휴,수잔 플레쉐트,로사노 브랏지"
245,대폭군,,"216,000",0.0%,"1,434,000",108,717,1,8,한국,한국,신필름,,,"전쟁,드라마",임원식,"최은희,김승호,남궁원"
246,더 킹: 헨리 5세,2019-10-23,"650,000",0.0%,"150,538,820",107,"19,610",1,3,네덜란드,네덜란드,,판씨네마(주),청소년관람불가,드라마,데이비드 미쇼,"티모시 샬라메,조엘 에저튼,숀 해리스"
247,카운트다운,2019-12-12,"512,000",0.0%,"611,133,000",107,"73,412",11,65,미국,미국,,"(주)제이앤씨미디어그룹,TCO(주)더콘텐츠온",15세이상관람가,"공포(호러),스릴러",,
248,바람과 함께 사라지다,1972-12-23,"212,000",0.0%,"62,187,000",106,"23,766",1,2,미국,미국,메트로-골드윈-마이어,(주)피터팬픽쳐스,"12세이상관람가,국민학생관람불가","드라마,사극,전쟁",빅터 플레밍,"클라크 게이블,비비안 리,레슬리 하워드"
249,쿠엔틴 타란티노 8,2019-10-30,"618,000",0.0%,"23,380,500",103,"3,196",1,1,미국,미국,,(주)누리픽쳐스,청소년관람불가,다큐멘터리,타라 우드,"사무엘 L. 잭슨,크리스토프 왈츠,제이미 폭스,다이앤 크루거,팀 로스,조 벨,커트 러셀,제니퍼 제이슨 리,일라이 로스"
250,백두 번째 구름,,"857,000",0.0%,"1,321,500",102,172,2,32,한국,한국,,,,다큐멘터리,정성일,임권택
251,어메이징 그레이스,2019-11-28,"811,000",0.0%,"42,447,700",101,"5,463",2,8,미국,미국,,(주)영화사 진진,전체관람가,다큐멘터리,시드니 폴락,
252,오두막,2017-04-20,"500,000",0.0%,"595,165,000",100,"77,549",1,1,미국,미국,,판씨네마(주),12세이상관람가,드라마,스튜어트 하젤딘,"샘 워싱턴,옥타비아 스펜서,라다 미첼,라이언 로빈스,그레이엄 그린,데릭 해밀턴,에밀리 홈즈"
253,나의 사적인 여자친구,2015-01-08,"788,000",0.0%,"78,911,355",99,"9,959",1,3,프랑스,프랑스,,찬란,청소년관람불가,"코미디,드라마",프랑수아 오종,"로맹 뒤리스,아나이스 드무스티에,라파엘 페르소나즈"
254,애심,1973-03-10,"198,000",0.0%,"20,428,000",99,"10,035",1,5,미국,미국,콜럼비아 픽쳐스 코포레이션,,12세이상관람가,"드라마,뮤지컬",조지 시드니,"타이론 파워,킴 노박"
255,극장판 타오르지마 버스터-블랙어썰트의 귀환,2019-12-05,"588,000",0.0%,"107,867,920",98,"15,220",1,1,한국,한국,(주)시너지미디어,(주)이수C&E,전체관람가,"코미디,애니메이션,액션,어드벤처",조영광,"홍범기,안영미,안효민,최낙윤"
256,동경의 황혼,,"681,000",0.0%,"4,845,000",97,801,1,1,일본,일본,,,15세이상관람가,,오즈 야스지로,"후지와라 카마타리,아리마 이네코"
257,케스,,"474,000",0.0%,"1,421,000",97,239,1,3,영국,영국,,,,드라마,켄 로치,"데이비드 브래들리,프레디 프레처"
258,순간에서 영원으로,,"192,000",0.0%,"3,660,000",96,"1,830",1,7,영국,영국,,,,전쟁,,
259,지하실의 멜로디,2008-07-01,"448,000",0.0%,"1,085,000",95,216,1,3,프랑스,프랑스,,,,드라마,,
260,로마여 안녕,,"188,000",0.0%,"188,000",94,94,1,6,미국,"미국,이탈리아",,,,"드라마,멜로/로맨스,뮤지컬",로이 롤랜드,"마리오 란자,페기 캐슬"
261,시실리안,,"450,000",0.0%,"1,058,000",93,216,1,3,프랑스,"프랑스,미국",,,,"드라마,범죄",앙리 베르누이,"장 가뱅,알랑 드롱"
262,만춘,,"667,000",0.0%,"4,313,000",92,704,1,2,일본,일본,,,15세이상관람가,,오즈 야스지로,"미시마 마사오,하라 세츠코,아오키 호히"
263,동경의 여인,,"628,000",0.0%,"628,000",90,90,1,2,일본,일본,,,,드라마,오즈 야스지로,
264,와일드 인 더 컨츄리,,"180,000",0.0%,"2,703,000",90,"1,349",1,9,,,,,,,,
265,러브 액츄얼리,2003-12-05,"480,500",0.0%,"2,200,121,688",89,"313,486",2,12,미국,"미국,영국",,"와이드 릴리즈(주),(주)제이앤씨미디어그룹,UIP코리아,(유)조이앤시네마","15세관람가,15세이상관람가","멜로/로맨스,드라마,코미디",리차드 커티스,"휴 그랜트,콜린 퍼스,알란 릭맨,엠마 톰슨,리암 니슨,로라 린니,키이라 나이틀리,마틴 맥커천,빌 나이히"
266,여섯번째의 행복,,"178,000",0.0%,"6,397,000",89,"3,186",1,6,미국,미국,,,,"드라마,전쟁",마크 로브슨,"잉그리드 버그만,커드 저진스"
267,거미의 계략,1996-03-30,"577,000",0.0%,"2,168,000",87,287,1,2,이탈리아,이탈리아,,,연소자관람불가,"드라마,미스터리",베르나르도 베르톨루치,지울리오 브로지
268,남쪽,,"402,000",0.0%,"402,000",86,86,1,4,스페인,"스페인,프랑스",,,,"드라마,멜로/로맨스",빅토르 에리세,
269,사랑을 합시다,,"172,000",0.0%,"11,454,000",86,"5,327",1,9,미국,미국,,,,"코미디,뮤지컬,멜로/로맨스",조지 쿠커,"마릴린 몬로,이브 몽땅,토니 랜달,윌프리드 하이드 화이트"
270,타이탄,2010-04-01,"172,000",0.0%,"21,799,968,500",86,"2,643,969",1,6,미국,미국,워너 브러더스 픽쳐스,워너브러더스 코리아(주),12세이상관람가,"액션,어드벤처,판타지",루이스 리테리어,"랄프 파인즈,샘 워싱턴,리암 니슨,알렉사 다바로스,젬마 아터튼"
271,바람의 언덕,,"615,000",0.0%,"3,908,500",83,523,1,3,한국,한국,,,전체관람가,드라마,박석영,"정은경,장선,김태희,김준배,장해금,박소이"
272,애수의 이별,,"162,000",0.0%,"4,232,000",81,"2,111",1,9,미국,미국,유니버셜 픽쳐스,,,"드라마,전쟁",,
273,더 컨덕터,2019-11-14,"400,000",0.0%,"92,551,420",80,"11,057",1,1,네덜란드,네덜란드,,(주)라이크 콘텐츠,12세이상관람가,드라마,마리아 피터즈,"크리스탄 드 브루인,벤자민 웨인라이트,스캇 터너 스코필드"
274,엄마 바람피게하기,2020-01-16,"211,000",0.0%,"211,000",79,79,5,63,한국,한국,주식회사 마운틴픽쳐스,주식회사 마운틴픽쳐스,12세이상관람가,"코미디,드라마",윤원규,
275,스타탄생,,"360,000",0.0%,"986,000",78,391,1,3,미국,미국,,,,"뮤지컬,멜로/로맨스",조지 쿠커,"주디 갈란드,제임스 메이슨,잭 카슨"
276,이별,1973-09-11,"156,000",0.0%,"10,146,000",78,"5,050",1,6,한국,한국,안양영화,,청소년관람불가,멜로/로맨스,신상옥,"신성일,김지미,오수미"
277,캉캉,,"171,000",0.0%,"3,127,000",78,"1,551",1,9,미국,미국,,,,"코미디,뮤지컬",월터 랭,"프랭크 시내트라,셜리 맥클레인"
278,이브의 모든 것,,"366,000",0.0%,"8,500,000",77,"3,822",1,3,미국,미국,,,,드라마,,
279,백인 추장,,"510,000",0.0%,"510,000",76,76,1,2,이탈리아,이탈리아,,,,기타,페데리코 펠리니,
280,영광의 탈출,,"152,000",0.0%,"13,056,016",76,"8,557",1,2,미국,미국,,,,"드라마,전쟁",오토 프레밍거,"폴 뉴먼,에바 마리 세인트"
281,태어나기는 했지만,,"549,000",0.0%,"1,292,000",76,184,1,2,일본,일본,,,15세이상관람가,,오즈 야스지로,"요시카와 미츠코,아오키 토미오"
282,잊지 않았어요,2020-01-01,"260,000",0.0%,"260,000",75,75,1,55,한국,한국,청개구리필름,주식회사 씨엠닉스,15세이상관람가,기타,박용철,"박용철,노율,백지훈,송지운"
283,자매의 화원,,"148,000",0.0%,"4,656,000",74,"2,328",1,6,한국,한국,,,,"드라마,멜로/로맨스",신상옥,
284,교회오빠,2019-05-16,"708,000",0.0%,"897,255,710",71,"112,783",1,15,한국,한국,"KBS,커넥트픽쳐스(주)",커넥트픽쳐스(주),전체관람가,다큐멘터리,이호경,"이관희,오은주,이소연,박준오,안효빈,김석진,김은숙,이소연,김희철,이진희,황인경,권동진,김관옥,김문숙,김삼화,김양재,김양진,김지숙,김창복,이현희,주성길,유정임,정정희,이봉순,이승민,최원준,오은천,최한중,전제충,오명기,백승혁,백용현,석미진,신승윤,황성주,허현숙,이상윤"
285,뽀로로 극장판 보물섬 대모험,2019-04-25,"345,000",0.0%,"5,886,728,900",69,"766,912",1,1,한국,한국,(주)오콘,(주)넥스트엔터테인먼트월드(NEW),전체관람가,"애니메이션,가족","김현호,윤창섭,김현호","이선,이미자,김현지,홍소영,정미숙,김서영,김환진,남도형,정승욱,이장원,황창영,김환진,남도형,황창영"
286,동경의 합창,,"447,000",0.0%,"447,000",68,68,1,2,일본,일본,,,,"코미디,드라마",오즈 야스지로,
287,"센베노,평창",2020-01-01,"261,000",0.0%,"261,000",68,68,1,38,한국,한국,더슛미디어,주식회사 씨엠닉스,12세이상관람가,다큐멘터리,곽동철,바트뭉크 아치바드라흐
288,시벨의 일요일,,"332,000",0.0%,"2,096,000",68,355,1,3,프랑스,프랑스,,,,기타,세르지 부르가뇽,
289,녹차의 중력,2019-11-28,"623,000",0.0%,"2,063,500",67,280,2,15,한국,한국,영화사 키노(주),주식회사 마운틴픽쳐스,전체관람가,다큐멘터리,정성일,임권택
290,동경 여관,,"431,000",0.0%,"431,000",67,67,1,2,일본,일본,,,,드라마,오즈 야스지로,
291,애꾸눈 잭,,"134,000",0.0%,"16,601,000",67,"8,384",1,6,미국,미국,,,,기타,,
292,자유 결혼,1958-10-14,"134,000",0.0%,"6,187,000",67,"2,979",1,5,한국,한국,동아영화사,,12세이상관람가,코미디,이병일,"최은희,이민자"
293,파도,,"134,000",0.0%,"6,772,000",67,"3,316",1,5,미국,미국,,,,멜로/로맨스,빅터 사빌,"라나 터너,반 헤플린"
294,꽁치의 맛,,"486,000",0.0%,"7,819,000",66,"1,204",1,1,일본,일본,,,,드라마,오즈 야스지로,"치슈 류,이와시타 시마"
295,올리버,1971-08-01,"298,000",0.0%,"1,343,000",65,241,1,2,영국,영국,콜럼비아,,12세관람가,"드라마,뮤지컬,가족,범죄",캐럴 리드,"론 무디,올리버 리드,샤니 월리스"
296,인 올드 시카고,,"128,000",0.0%,"5,227,000",64,"2,611",1,6,미국,미국,,,,"뮤지컬,드라마,액션",헨리 킹,"타이론 파워,앨리스 파예"
297,원더,2017-12-27,"486,000",0.0%,"2,025,198,189",63,"265,833",1,6,미국,미국,,CGV아트하우스,전체관람가,드라마,스티븐 크보스키,"줄리아 로버츠,오웬 윌슨,제이콥 트렘블레이"
298,고독한 영혼,,"286,000",0.0%,"2,653,000",62,580,1,2,미국,미국,,,,"드라마,미스터리",니콜라스 레이,"험프리 보가트,글로리아 그래햄"
299,라스트 씬,2019-12-12,"395,000",0.0%,"2,834,000",62,436,4,27,한국,한국,오지필름,(주)시네마달,전체관람가,다큐멘터리,박배일,
300,블랙 스완,2011-02-24,"620,000",0.0%,"12,556,806,160",62,"1,631,574",1,1,미국,미국,,"(주)영화사 그램,이십세기폭스코리아(주)",청소년관람불가,"드라마,스릴러",대런 아로노프스키,"나탈리 포트만,뱅상 카셀,밀라 쿠니스,위노나 라이더,세바스찬 스탠"
301,냉혹한 학살자,,"396,000",0.0%,"396,000",61,61,1,2,이탈리아,이탈리아,,,,"범죄,미스터리",베르나르도 베르톨루치,"프란체스코 뤼우,지안카를로 데 로사"
302,두 개의 사랑,2017-12-28,"518,500",0.0%,"92,221,900",61,"11,684",1,2,프랑스,프랑스,,(주)팝엔터테인먼트,청소년관람불가,스릴러,프랑수아 오종,"마린 백트,제레미 레니에"
303,본 투 드라이브,2019-12-12,"149,000",0.0%,"2,192,000",61,344,1,5,노르웨이,노르웨이,,썬택엔터테인먼트 주식회사,전체관람가,다큐멘터리,다니엘 파레,
304,쥬발,,"122,000",0.0%,"2,061,000",61,"1,062",1,6,미국,미국,,,,서부극(웨스턴),델머 데이비스,"글렌 포드,어네스트 보그나인"
305,딥워터 서바이벌,2020-01-16,"300,000",0.0%,"300,000",60,60,1,1,영국,"영국,미국",,찬란,12세이상관람가,"공포(호러),스릴러",,"요하네스 쿤케,샬롯 솔트"
306,겁탈당한 유부녀,2020-01-13,"300,000",0.0%,"300,000",60,60,1,1,일본,일본,,(주)라온컴퍼니플러스,청소년관람불가,"드라마,멜로/로맨스",,
307,더러운 아내,2020-01-17,"300,000",0.0%,"300,000",60,60,1,1,한국,한국,(주)가온콘텐츠,(주)가온콘텐츠,청소년관람불가,"드라마,멜로/로맨스",최정자,
308,사촌동생들,2020-01-29,"300,000",0.0%,"300,000",60,60,1,1,한국,한국,(주)가온콘텐츠,(주)가온콘텐츠,청소년관람불가,"드라마,멜로/로맨스",한동연,
309,위로해준 시동생,2020-01-22,"300,000",0.0%,"300,000",60,60,1,1,일본,일본,,(주)라온컴퍼니플러스,청소년관람불가,"드라마,멜로/로맨스",나기라 겐조,
310,자매의 정사,2020-01-29,"300,000",0.0%,"300,000",60,60,1,1,한국,한국,그리드 필름,(주)나우콘텐츠,청소년관람불가,"멜로/로맨스,드라마",김진호,이은미
311,택배기사의 참교육,2020-01-29,"300,000",0.0%,"300,000",60,60,1,1,일본,일본,,(주)라온컴퍼니플러스,청소년관람불가,"드라마,멜로/로맨스",,
312,팔려버린 아내,2020-01-13,"300,000",0.0%,"300,000",60,60,1,1,일본,일본,,(주)라온컴퍼니플러스,청소년관람불가,"드라마,멜로/로맨스",사다오카 사다오,
313,네버엔딩 펠리니,,"416,000",0.0%,"416,000",58,58,1,2,이탈리아,이탈리아,,,,다큐멘터리,,
314,반고호,1992-10-03,"292,000",0.0%,"4,532,000",58,785,1,2,프랑스,프랑스,고몽,,고등학생이상관람가,드라마,모리스 피알라,"알렉산드라 런던,자크 뒤트롱"
315,라라미에서 온 사나이,,"114,000",0.0%,"5,716,000",57,"3,003",1,6,미국,미국,콜럼비아 픽쳐스 코포레이션,,,"액션,서부극(웨스턴),미스터리",안소니 만,"제임스 스튜어트,아서 케네디,도날드 크리스프,캐시 오도넬,알렉스 니콜,알린 맥마흔,월러스 포드,잭 엘램"
316,맥추,,"403,000",0.0%,"4,948,000",57,803,1,2,일본,일본,,,15세이상관람가,,오즈 야스지로,하라 세츠코
317,코끼리는 그곳에 있어,2019-11-21,"475,000",0.0%,"20,636,400",57,"1,618",2,6,중국,중국,,아이 엠,12세이상관람가,드라마,후 보,"펑유창,왕위원,장위,리총시"
318,오렌지필름 기획전 - 미움(ㅁ)을 굴려보았더니,,"476,000",0.0%,"476,000",55,55,2,5,한국,한국,,,,드라마,,
319,플레이어,1993-02-06,"250,000",0.0%,"1,184,000",55,223,1,3,미국,미국,"에비뉴 픽처 프로덕션,아디스-웨체슬러 프로덕션",,고등학생이상관람가,스릴러,로버트 알트만,팀 로빈스
320,비브르 사 비,1997-05-03,"536,000",0.0%,"24,116,000",54,"3,164",1,1,프랑스,프랑스,,"알토미디어(주),㈜영화사 백두대간","연소자관람불가,15세이상관람가",드라마,장 뤽 고다르,"안나 카리나,사디 레보트,안드레 S. 라바르트,폴 파벨"
321,여사장,,"108,000",0.0%,"4,513,000",54,"2,264",1,2,한국,한국,,,,"코미디,멜로/로맨스",한형모,"조미령,이수련"
322,감쪽같은 그녀,2019-12-04,"384,000",0.0%,"3,595,246,790",52,"469,348",1,3,한국,한국,(주)지오필름,메가박스중앙(주)플러스엠,전체관람가,드라마,허인무,"나문희,김수안,천우희,정유진,최수영"
323,북간도의 십자가,2019-10-17,"385,000",0.0%,"72,963,160",52,"9,911",1,4,한국,한국,(재)CBS,"(재)CBS,주식회사 마운틴픽쳐스",전체관람가,다큐멘터리,반태경,"문동환,심용환,문성근"
324,선셋 대로,,"240,000",0.0%,"7,281,000",52,"2,925",1,2,미국,미국,파라마운트 픽쳐스,,,드라마,빌리 와일더,
325,에드 우드,,"260,000",0.0%,"598,000",52,120,1,2,,,,,,,,
326,사이더 하우스,2000-06-03,"234,000",0.0%,"234,000",51,51,1,3,미국,미국,미라맥스 필름즈,,15세관람가,드라마,라세 할스트롬,"토비 맥과이어,샤를리즈 테론"
327,굿바이 마이 라이프,,"240,000",0.0%,"2,416,000",50,"1,134",1,2,미국,미국,,,,드라마,빅터 플레밍,"스펜서 트레이시,라이오넬 배리모어"
328,북을 울려라,,"100,000",0.0%,"3,803,000",50,"1,900",1,5,미국,미국,,,12세관람가,"액션,서부극(웨스턴)",라울 월쉬,"게리 쿠퍼,마리 앨든"
329,일 포스티노,1996-03-09,"500,000",0.0%,"112,646,100",50,"14,984",1,1,이탈리아,"이탈리아,프랑스",체키고리그룹 타이거키네마토그라피카,(주)영화사 진진,"고등학생이상관람가,15세이상관람가","드라마,코미디,멜로/로맨스",마이클 래드포드,"필립 느와레,마시모 트로이시"
330,오케스트라의 소녀,,"98,000",0.0%,"8,883,000",49,"4,424",1,4,미국,미국,,,,코미디,헨리 코스터,"디나 더빈,아돌프 멘주"
331,더 킹,2017-01-18,"480,000",0.0%,"43,492,782,535",48,"5,318,007",1,1,한국,한국,(주)우주필름,(주)넥스트엔터테인먼트월드(NEW),15세이상관람가,"범죄,드라마",한재림,"조인성,정우성,배성우,김아중,류준열,김의성,김민재,정성모,정은채,김소진,황승언,이주연,정준용,박시영,임승묵,박정민,박지홍,박진영,장승연,손영진,안용우,유현종,이나경,이석호,한미진,이승민,이윤희,김원진,김규선,남명렬,이가경,차지원,차엽,오대환,이세랑,정원중,곽순우,금새록,김해나,정인기,박성근,윤부진,조대희,임용순,이열음,염석무,박기만"
332,사랑의 슬픔 애수,2000-04-22,"144,000",0.0%,"1,730,000",48,496,1,1,미국,미국,콜럼비아 트라이스타,콜럼비아 트라이스타,18세관람가,"멜로/로맨스,전쟁",닐 조단,"랄프 파인즈,줄리안 무어"
333,영 앤 뷰티풀,2013-12-05,"393,000",0.0%,"50,821,600",48,"6,692",1,2,프랑스,프랑스,,찬란,청소년관람불가,드라마,프랑수아 오종,"마린 백트,제랄딘 페라스,샬롯 램플링"
334,리오 그란데,,"94,000",0.0%,"12,752,000",47,"4,721",1,3,미국,미국,,,15세관람가,"멜로/로맨스,서부극(웨스턴)",존 포드,"존 웨인,모린 오하라"
335,증인,2019-02-13,"360,000",0.0%,"20,483,149,331",45,"2,534,793",5,10,한국,한국,"(주)무비락,(주)도서관옆스튜디오",롯데컬처웍스(주)롯데엔터테인먼트,12세이상관람가,드라마,이한,"정우성,김향기,이규형,염혜란,장영남,정원중,김종수,박근형,송윤아,이준혁,이레,김승욱,오재세,이채은,이서준,이서환,강민지,강지현,박세정,권혁준,김경훈,박재환,박주은,박준호,박찬영,송우용,김미진,안성봉,신치영,신혜정,김범석,오창경,김소연,김수경,이준형,장효석,김정연,김호연,조성재,김홍식,최은영,최종률,이슬이,정도원,정명훈,조한나,이승헌,강은수,고민지,곽나현,권정은,김규인,김난영,표예리,김바비,이동훈,김학선,이영아,김승윤,이민정,조복휘,김인규,김준원,정승욱,도현,김형묵,정영록,남혜진,김태현,정우성,문승배,정경현,이은샘,채치웅,윤정환,박미정,이종익,최문익,심은정,이석환,박윤근,박은우,엄주원,박창화,엄혜란,배내희,손제형,추귀정,염지영,장부익,장선아,서광재,한윤지,한재경"
336,집 이야기,2019-11-28,"304,500",0.0%,"67,454,580",45,"9,946",2,13,한국,한국,(주)영화사지음,CGV아트하우스,12세이상관람가,드라마,박제범,"이유영,강신일,조현식"
337,예전의 마피아가 아니다,,"306,000",0.0%,"306,000",44,44,1,2,이탈리아,이탈리아,,,,기타,프랑코 마레스코,
338,순정,2016-02-24,"430,000",0.0%,"1,739,966,633",43,"240,704",1,1,한국,한국,(주)주피터필름,(주)리틀빅픽쳐스,12세이상관람가,드라마,이은희,"도경수,김소현,연준석,이다윗,주다영,박용우,박해준,김지호,이범수,이대연,황석정,박정민,김권,오유진,박충선,조우람,최민석,임철수,황영희,임성재,김현"
339,주전장,2019-07-25,"252,000",0.0%,"309,752,090",42,"40,022",1,4,미국,미국,,(주)시네마달,전체관람가,다큐멘터리,미키 데자키,
340,킹 오브 프리즘 - 프라이드 더 히어로,2017-06-10,"210,000",0.0%,"1,080,272,750",42,"128,786",1,1,일본,일본,,"동우에이앤이(주),(주)박수엔터테인먼트",15세이상관람가,애니메이션,히시다 마사카즈,"남도형,엄상현,이원찬,정주원,이정민,한신,황창영,김현욱,탁원정,이경태,심승한,사성웅,이규창"
341,한밤의 암살자,,"202,000",0.0%,"2,966,000",42,500,1,1,프랑스,"프랑스,이탈리아",,,,"스릴러,범죄,드라마",장 피에르 멜빌,"알랑 드롱,프랑스와 페리어"
342,현금에 손대지 마라,,"206,000",0.0%,"1,106,000",42,244,1,3,프랑스,"프랑스,이탈리아",,,15세이상관람가,"드라마,액션,범죄",자크 베케르,"장 가뱅,르네 다리,도라 돌"
343,까마귀 기르기,,"192,000",0.0%,"576,000",41,113,1,2,스페인,스페인,,,,드라마,카를로스 사우라,"제랄딘 채플린,모니카 랜달"
344,"꼭두각시여, 안녕",,"192,000",0.0%,"192,000",41,41,1,3,프랑스,프랑스,,,,"범죄,드라마",끌로드 베리,
345,킹 오브 프리즘 -샤이니 세븐 스타즈- Ⅲ 레오×유우×알렉,2019-05-02,"205,000",0.0%,"91,890,730",41,"10,930",1,1,일본,일본,,동우에이앤이(주),12세이상관람가,애니메이션,히시다 마사카즈,
346,거짓의 풀치,,"276,000",0.0%,"276,000",40,40,1,2,영국,"영국,이탈리아",,,,기타,,
347,극한직업,2019-01-23,"200,000",0.0%,"139,652,045,516",40,"16,265,658",1,1,한국,한국,"(주)어바웃필름,영화사 해그림 주식회사,씨제이이앤엠(주)",씨제이이앤엠(주),15세이상관람가,코미디,이병헌,"류승룡,이하늬,진선규,이동휘,공명,양현민,장진희,한준우,김명준,나철,정재광,정원창,김강현,김지영,오정세,이중옥,홍완표,고봉구,권지훈,권태호,김가빈,박재홍,서호철,김남우,박진아,송영규,안성봉,신하균,심철민,김병호,유제윤,김성우,이정수,김의성,김종수,고경진,고관형,이광기,지찬,구성환,진선규,이도용,천준호,정성훈,이하늬,이한종,임세운,한동희,임정묵,이범찬,이운산,김천,조주한,조현숙,이유진,정우영,신신애,윤설,정윤회,박도영,정재광,최광원,이두일,김윤배,최신득,이왕수,이육현,박정표,정인기,배정선,장지웅,임유란,엄지혜,오민준,태원석,장격수,편광진,하철,변봉식,홍승진,홍은진,허준석"
348,사형집행인과 가면과 비밀: 60년대 이탈리아 호러 영화,,"279,000",0.0%,"279,000",40,40,1,2,이탈리아,이탈리아,,,,다큐멘터리,,
349,엑시트,2019-07-31,"200,000",0.0%,"79,232,212,162",40,"9,426,051",1,1,한국,한국,"(주)외유내강,(주)필름케이",씨제이이앤엠(주),12세이상관람가,"코미디,액션",이상근,"조정석,윤아,고두심,박인환,김지영,강기영,오희준,배유람,유수빈,조성희,주보비,김강현,정민성,박성일,신세휘,김경룡,김강훈,강덕중,강충훈,박상혁,곽민규,민대웅,권혁주,박윤희,박윤희,박정환,박주홍,설도희,배해선,백현익,신철진,양지혜,김병순,오누리,김보성,김상보,윤대열,오유진,김서율,김선호,김수연,강경수,김현수,김현수,이정인,정재은,임희수,최서현,정지우,최성윤,김형기,이선우,이성수,이성훈,조성동,김호정,조예린,김종구,황슬기,조윤호,전혜원,이찬유,조은성,최재영,최재영,이수정,김주아,강기영,김준수,이경오,주보비,주보비,최진영,고두심,곽새빛,곽호중,권상혁,최현아,권은빈,최혜인,기상원,채서원,김한솔,이동휘,이동희,이랑서,김태한,임종현,이창진,김이석,한우리,이화정,이봉련,김환영,김태환,주예서,김태율,정우영,정새다솜,정윤지,채승혜,슈기(최슬기),천대만,윤해빈,이채원,이재국,이학광,최영도,이현하,박재랑,이용탁,박채익,반혜라,탁트인,손현준,장서우,송원수,변건우,한서율,한승효,황지현,황효은,한윤식,허철,허형규,홍나현"
350,패터슨,2017-12-21,"360,000",0.0%,"563,013,208",40,"68,008",1,1,프랑스,"프랑스,독일,미국",,그린나래미디어(주),12세이상관람가,드라마,짐 자무쉬,"아담 드라이버,골시프테 파라하니"
351,가을 햇살,,"263,000",0.0%,"4,926,000",39,769,1,1,일본,일본,,,,드라마,오즈 야스지로,"하라 세츠코,쿠와노 미유키"
352,벌집의 아이들,,"190,000",0.0%,"398,000",39,83,1,2,일본,일본,,,,기타,,
353,쇼 피플,,"194,000",0.0%,"1,808,000",39,296,1,2,미국,미국,,,,"코미디,멜로/로맨스",킹 비더,
354,커다란 위험,,"178,000",0.0%,"470,000",39,100,1,2,프랑스,"프랑스,이탈리아",,,,드라마,끌로드 쏘레,"리노 벤추라,장 폴 벨몽도"
355,킹 오브 프리즘 -샤이니 세븐 스타즈-,2019-03-07,"195,000",0.0%,"141,714,690",39,"16,462",1,1,일본,일본,,동우에이앤이(주),12세이상관람가,애니메이션,히시다 마사카즈,
356,비밀,2002-10-11,"114,000",0.0%,"4,464,000",38,742,1,1,일본,일본,,이십세기폭스코리아(주),15세관람가,드라마,타키타 요지로,"코바야시 카오루,히로스에 료코"
357,킹 오브 프리즘,2016-08-11,"190,000",0.0%,"1,005,261,150",38,"121,091",1,1,일본,일본,,(주)박수엔터테인먼트,12세이상관람가,"애니메이션,드라마,판타지",히시다 마사카즈,
358,우리를 갈라놓는 것들,2019-11-28,"228,000",0.0%,"15,443,580",37,"1,835",2,12,한국,한국,반달,(주)엣나인필름,12세이상관람가,다큐멘터리,임흥순,
359,김군,2019-05-23,"284,000",0.0%,"124,353,490",35,"16,833",1,1,한국,한국,"1011 필름,영화사 풀",영화사 풀,12세이상관람가,다큐멘터리,강상우,"김군,주옥,양동남,지만원,이창성,차종수,오기철,이강갑,최영철,최진수,안지환,서정열,안종철,이종명,곽희성,최영철,김양래,강보원,주대체,고광덕,구성주,김경림,김공휴,김규재,김영택,김태찬,김용균,김정기,김준봉,김준선,김진순,김춘군,나일성,마이남,문관,지대지,문병림,지유진,문장우,송희성,윤영규,박봉진,이재춘,이근례,박선재,정호용,이흥철,최진동,최창기,양홍범,염경태,송경상,서한성,오인수,오종렬,홍순진,홍흥준,박인수,허상희,이은정"
360,머나먼 서부,,"105,000",0.0%,"3,979,000",35,"1,991",1,1,미국,미국,,,,"서부극(웨스턴),멜로/로맨스",안소니 만,"제임스 스튜어트,루스 로만"
361,러브 스토리,1971-12-15,"102,000",0.0%,"1,604,000",34,350,1,1,미국,미국,파라마운트,,12세이상관람가,멜로/로맨스,아서 힐,"알리 맥그로우,라이언 오닐"
362,탈출,2019-12-19,"33,000",0.0%,"67,000",33,67,5,33,한국,한국,(주)케이알씨지,(주)케이알씨지,12세이상관람가,드라마,이숭환,
363,강길우 : 본(本),,"343,000",0.0%,"343,000",32,32,1,1,한국,한국,,,,기타,,
364,체실 비치에서,2018-09-20,"293,000",0.0%,"260,424,423",32,"30,421",1,2,영국,영국,,"그린나래미디어(주),(주)키위미디어그룹",15세이상관람가,"드라마,멜로/로맨스",도미닉 쿡,"시얼샤 로넌,빌리 하울,에밀리 왓슨,앤-마리 듀프"
365,피안화,,"225,000",0.0%,"4,124,332",32,661,1,3,일본,일본,,,15세이상관람가,"드라마,코미디",오즈 야스지로,"사다 케이지,아리마 이네코,사부리 신"
366,쏠레,,"212,000",0.0%,"212,000",31,31,1,1,이탈리아,"이탈리아,폴란드",,,,드라마,,
367,와호강호,,"31,000",0.0%,"31,000",31,31,5,31,중국,중국,,(유)조이앤시네마,15세이상관람가,액션,주청,
368,젊은이의 양지,1972-10-28,"62,000",0.0%,"21,565,000",31,"10,088",1,1,미국,미국,파라마운트 픽쳐스,,15세이상관람가,"드라마,액션,멜로/로맨스",조지 스티븐스,"엘리자베스 테일러,몽고메리 클리프트"
369,"가장 따뜻한 색, 블루",2014-01-16,"248,000",0.0%,"409,821,900",30,"53,302",1,2,프랑스,프랑스,,판씨네마(주),청소년관람불가,"드라마,멜로/로맨스",압델라티프 케시시,"레아 세이두,아델 에그자르코풀로스,살림 케치우셰"
370,의적 로빈후드,1991-07-20,"60,000",0.0%,"332,000",30,166,1,1,미국,미국,워너브러더스 코리아(주),,연소자관람불가,"액션,드라마,어드벤처",케빈 레이놀즈,"케빈 코스트너,모건 프리먼,크리스찬 슬레이터"
371,볼라레,,"197,000",0.0%,"197,000",29,29,1,1,이탈리아,이탈리아,,,,드라마,가브리엘 살바토레,
372,샐린저,2019-12-12,"207,000",0.0%,"10,586,180",29,"1,379",2,13,미국,미국,,판씨네마(주),15세이상관람가,다큐멘터리,쉐인 샐러노,"필립 세이모어 호프만,에드워드 노튼,존 쿠삭"
373,오르페브르의 부두,,"138,000",0.0%,"959,000",29,184,1,2,프랑스,프랑스,,,15세이상관람가,,앙리 조르주 클루조,
374,카와사키의 장미,,"203,000",0.0%,"203,000",29,29,1,1,체코,체코,,,,기타,,
375,파리의 연인,,"56,000",0.0%,"17,286,000",28,"8,582",1,4,미국,미국,파라마운트 픽쳐스,,15세관람가,"멜로/로맨스,코미디,뮤지컬",스탠리 도넌,"오드리 헵번,프레드 아스테어"
376,폴리스,,"128,000",0.0%,"128,000",28,28,1,2,프랑스,프랑스,,,,"범죄,드라마",모리스 피알라,"제라르 드빠르디유,소피 마르소,리차드 안코니나"
377,그것만이 내 세상,2018-01-17,"163,000",0.0%,"27,456,960,382",27,"3,420,199",1,1,한국,한국,"(주)제이케이필름,씨제이이앤엠(주)",씨제이이앤엠(주),12세이상관람가,"코미디,드라마",최성현,"이병헌,윤여정,박정민,한지민,김성령,이주영,최리,이가경,이상준,박현주,이소정,이정호,이종승,이주영,이준석,안성봉,김현정,박상훈,박성훈,박소은,장혜리,정승환,박지연,박지훈,박지훈,조윤주,김동규,김민주,김유진,박지연,정윤하,오혜원,류제승,권귀빈,백현진,유정호,김서원,김병춘"
378,마사리크: VIP 환자,,"185,000",0.0%,"185,000",26,26,1,1,체코,"체코,슬로바키아,독일",,,,기타,,
379,킹 오브 프리즘 ?샤이니 세븐 스타즈- IV 루이x신x언노운,2019-05-30,"130,000",0.0%,"121,355,370",26,"14,528",1,1,일본,일본,,동우에이앤이(주),15세이상관람가,애니메이션,히시다 마사카즈,
380,1944 대전투,2020-01-21,"25,000",0.0%,"25,000",25,25,5,25,프랑스,프랑스,,(유)조이앤시네마,15세이상관람가,전쟁,데이빗 아부카야,
381,우아한 만찬,2020-01-16,"85,000",0.0%,"85,000",25,25,5,15,미국,미국,,주식회사 더쿱,15세이상관람가,"코미디,드라마",미구엘 아테타,"셀마 헤이엑,존 리스고"
382,룰루,,"110,000",0.0%,"1,180,000",23,167,1,1,프랑스,프랑스,,,,,모리스 피알라,"제라르 드빠르디유,이자벨 위페르"
383,우리의 사랑,,"102,000",0.0%,"102,000",23,23,1,1,프랑스,프랑스,,,,드라마,모리스 피알라,상드린 보네르
384,홍당무,,"106,000",0.0%,"727,000",23,132,1,2,프랑스,프랑스,,,,기타,줄리앙 뒤비비에르,
385,아이반호,,"66,000",0.0%,"210,000",22,94,1,1,,,,,,,,
386,칠드런 액트,2019-07-04,"196,000",0.0%,"204,459,320",22,"25,278",1,2,영국,영국,,(주)홈초이스,12세이상관람가,드라마,리차드 이어,"엠마 톰슨,스탠리 투치,핀 화이트헤드,벤 채플린"
387,삶,,"145,000",0.0%,"145,000",21,21,1,1,이탈리아,이탈리아,,,,드라마,프란체스카 알치버기,
388,세상에서 가장 아름다운 여인,,"54,000",0.0%,"1,836,000",21,804,1,1,이탈리아,이탈리아,,,,"코미디,드라마",로버트 Z. 레오나드,"지나 롤로브리지다,비토리오 가스만,로버트 알다,안느 베르농"
389,19금 불륜소설,2020-01-06,"109,000",0.0%,"109,000",20,20,20,20,한국,한국,(주)영진크리에이티브,(주)영진크리에이티브,청소년관람불가,"멜로/로맨스,드라마",윤준세,
390,19금 연애소설,2020-01-06,"109,000",0.0%,"109,000",20,20,20,20,한국,한국,(주)영진크리에이티브,(주)영진크리에이티브,청소년관람불가,"멜로/로맨스,드라마",윤준세,
391,군대,,"139,000",0.0%,"1,215,000",20,180,1,4,한국,한국,,,,다큐멘터리,박경근,
392,디에고,2019-12-12,"183,000",0.0%,"43,301,500",20,"9,804",3,6,영국,영국,,워터홀컴퍼니(주),12세이상관람가,다큐멘터리,아시프 카파디아,디에고 아만도 마라도나
393,스와핑 동창회,2020-01-07,"109,000",0.0%,"109,000",20,20,20,20,한국,한국,(주)로드하우스,(주)로드하우스,청소년관람불가,성인물(에로),김석만,배유정
394,아내의 애인 3 무삭제,2020-01-20,"100,000",0.0%,"100,000",20,20,20,20,한국,한국,(주)영화사가을,(주)영화사가을,청소년관람불가,멜로/로맨스,김환,
395,유부녀들 : 남편 바꾸기,2020-01-27,"100,000",0.0%,"100,000",20,20,20,20,한국,한국,(주)영화사가을,(주)영화사가을,청소년관람불가,멜로/로맨스,김진우,
396,킹 오브 프리즘 ?샤이니 세븐 스타즈- II 카케루x조지x미나토,2019-04-04,"100,000",0.0%,"81,358,970",20,"9,660",1,1,일본,일본,,동우에이앤이(주),12세이상관람가,애니메이션,히시다 마사카즈,
397,판초에 새벽 바람을 품고,,"100,000",0.0%,"100,000",20,20,1,1,일본,일본,,,15세이상관람가,코미디,히로하라 사토루,"타이가,나카무라 아오이"
398,그레이트 워,,"24,000",0.0%,"24,000",19,19,5,19,미국,미국,,,15세이상관람가,"전쟁,액션",스티븐 루크,
399,벌어진 입,,"57,000",0.0%,"537,000",19,94,1,1,프랑스,프랑스,,,,기타,모리스 피알라,
400,공사의 희로애락,,"126,000",0.0%,"2,174,000",18,364,1,4,한국,한국,,,,다큐멘터리,장윤미,
401,리오네 사니타의 대부,,"111,000",0.0%,"111,000",18,18,1,1,이탈리아,이탈리아,,,,기타,마리오 마르토네,
402,사탄의 태양 아래,,"51,000",0.0%,"191,500",17,35,1,1,,,,,,,,
403,앵커,2019-11-28,"46,000",0.0%,"3,670,200",17,665,1,1,한국,한국,씨네마캣 픽쳐스,씨네마캣 픽쳐스,15세이상관람가,드라마,최정민,박수연
404,1월 단편 상상극장-우리들은 자란다,,"126,400",0.0%,"126,400",16,16,1,4,한국,한국,,,,드라마,,
405,마이 리틀 텔레비전(인디스데이),,"92,500",0.0%,"92,500",16,16,1,10,한국,한국,,,,기타,,
406,벌거벗은 유년 시절,,"74,000",0.0%,"1,160,000",16,189,1,1,프랑스,프랑스,,,,기타,모리스 피알라,
407,입문반,,"18,000",0.0%,"18,000",16,16,1,1,한국,한국,,,,드라마,김현정,"한혜지,박지수"
408,졸업,2019-11-07,"56,000",0.0%,"11,950,300",16,"1,583",1,1,한국,한국,미디어나무,(주)시네마달,12세이상관람가,다큐멘터리,박주환,"이승현,박주환,윤명식,전종완"
409,대학부터 붙어라,,"45,000",0.0%,"558,000",15,111,1,1,프랑스,"프랑스,캐나다",,,,,모리스 피알라,사빈느 오데팽
410,사랑아 나는 통곡한다,,"45,000",0.0%,"9,755,000",15,"4,830",1,1,미국,미국,,,12세이상관람가,멜로/로맨스,윌리엄 와일러,"올리비아 드 하빌랜드,몽고메리 클리프트,랄프 리차드슨,마리암 홉킨스"
411,어쩌다 액션 히어로,2020-01-17,"22,000",0.0%,"22,000",15,15,5,15,멕시코,멕시코,,주식회사 풍경소리,15세이상관람가,"액션,코미디",,
412,정승오 감독 특별전 (인디스데이),,"113,000",0.0%,"113,000",15,15,1,1,한국,한국,,,,기타,정승오,
413,죽음의 표적,1991-01-26,"45,000",0.0%,"105,000",15,45,1,1,미국,미국,,,고등학생이상관람가,액션,드와이트 H. 리틀,"스티븐 시걸,바실 월러스,키스 데이빗"
414,너의 췌장을 먹고 싶어,2017-10-25,"127,000",0.0%,"3,706,485,800",14,"465,603",1,2,일본,일본,,(주)넥스트엔터테인먼트월드(NEW),12세이상관람가,드라마,츠키카와 쇼,"키타가와 케이코,오구리 슌,하마베 미나미,키타무라 타쿠미"
415,수색자,,"42,000",0.0%,"14,480,000",14,"6,535",1,1,미국,미국,워너 브러더스 픽쳐스,,,"액션,드라마,어드벤처,서부극(웨스턴)",존 포드,"존 웨인,제프리 헌터,나탈리 우드,베라 마일즈"
416,우리는 함께 늙지 않는다.,,"58,000",0.0%,"336,000",14,75,1,1,프랑스,"프랑스,이탈리아",,,,드라마,모리스 피알라,"말렌 조버트,장 이안"
417,너의 췌장을 먹고 싶어,2018-11-15,"102,000",0.0%,"410,803,605",13,"52,413",1,3,일본,일본,,(주)넥스트엔터테인먼트월드(NEW),12세이상관람가,"애니메이션,드라마",우시지마 신이치로,"타카스기 마히로,린,후지이 유키요,후쿠시마 준"
418,네비아,,"75,000",0.0%,"75,000",13,13,1,1,이탈리아,이탈리아,,,,기타,,
419,더 와이프,2019-02-27,"79,000",0.0%,"319,918,451",13,"41,538",1,1,영국,영국,,(주)팝엔터테인먼트,15세이상관람가,드라마,비욘 룬게,"글렌 클로즈,조나단 프라이스,맥스 아이언스,크리스찬 슬레이터"
420,앤젤스 셰어: 천사를 위한 위스키,2013-05-16,"132,000",0.0%,"141,978,171",13,"18,111",1,2,영국,"영국,프랑스",,(주)티캐스트,15세이상관람가,"코미디,드라마",켄 로치,"폴 프래니건,존 헨쇼,로저 알람,윌리엄 루에인"
421,르 가르슈,1998-03-14,"58,000",0.0%,"58,000",12,12,1,1,프랑스,프랑스,,,18세 미만인 자는 관람할 수 없는 등급,드라마,모리스 피알라,"제랄딘 페라스,제라르 드빠르디유"
422,얼굴들,2019-01-24,"99,000",0.0%,"16,887,000",11,"2,308",1,1,한국,한국,(주)시네마달,(주)시네마달,12세이상관람가,드라마,이강현,"박종환,김새벽,윤종석,백수장,남경우,김기준,박찬호,박현지,백길찬,백수장,백수장,변진수,신치영,김민성,김민성,유민아,오영림,옥자연,왕혜지,김송일,김은희,이주원,정태훈,허석,허영진,최요운,정효정,김정남,조민기,김종수,오지영,황영수,김종일,이진혁,황정한,강기만,지성은,최청자,권성일,권영호,길아성,김계형,김영선,이영민,이영석,이완민,이운식,이호재,조하성,김화중,류제승,우이경,주홍성,이윤재,한해인,유채은,최높은샘,박부건,박승호,이하진,이현욱,최유송,양찬주,어원준,여귀순,전소현,박영복,오태은,신이수,송지원,홍재협,홍석연"
423,돈틀리스: 미드웨이 해전,2020-01-23,"15,000",0.0%,"15,000",10,10,5,10,미국,미국,,주식회사 풍경소리,12세이상관람가,"전쟁,액션",,
424,매리,2019-12-11,"10,000",0.0%,"41,020,980",10,"7,157",2,10,미국,미국,,(주)영화특별시에스엠씨,15세이상관람가,"공포(호러),스릴러",마이클 고이,"게리 올드만,에밀리 모티머"
425,범죄와의 전쟁: 나쁜놈들 전성시대,2012-02-02,"90,000",0.0%,"36,540,417,500",10,"4,720,060",1,1,한국,한국,"(주)팔레트픽처스,(주)쇼박스",(주)쇼박스,청소년관람불가,"범죄,드라마",윤종빈,"최민식,하정우,조진웅,마동석,곽도원,김성균,박성광,이철민,임자연,임헌호,권종현,김민주,박재현,박태호,신수정,이강곤,이낙준,권율,송영창,박병은,김홍파,이희준,유재명,장준녕(장남부),김종수,오만석,정재헌,고규필,이세랑,박인수,권태원,강신철,한성천,이유준,김응수,안민영,노태엽,김종구,이윤희,김재영,손병욱"
426,암살,2015-07-22,"90,000",0.0%,"98,468,525,781",10,"12,706,829",1,1,한국,한국,(주)케이퍼필름,(주)쇼박스,15세이상관람가,"액션,드라마",최동훈,"전지현,이정재,하정우,오달수,조진웅,이경영,최덕문,김의성,박병은,김홍파,강용빈,홍성지,지동주,장현석,장용현,김민지,김승찬,안태랑,김예은,김정석,김정호,김준우,김지원,박상민,박정환,조승우,김해숙,진경,박소은,김인우,심희섭,김태준,차지원,강영묵,정기섭,금새록,원현준,안민영,허지원,곽자형,허정도,유정호,정인겸,김서원"
427,에듀케이션,,"90,000",0.0%,"1,000,000",10,140,1,1,한국,한국,(주)타이거시네마,,,드라마,김덕중,"문혜인,김준형"
428,지미스 홀,2014-10-09,"98,000",0.0%,"86,802,500",10,"11,695",1,2,영국,"영국,아일랜드,프랑스",,그린나래미디어(주),12세이상관람가,드라마,켄 로치,"배리 워드,시모네 커비,앤드류 스캇,짐 노튼"
429,비밀의 정원,,"61,000",0.0%,"985,000",9,141,1,1,한국,한국,,필름다빈,,드라마,박선주,"전석호,한우연,오민애,유재명,염혜란"
430,법피아,2019-05-02,"60,000",0.0%,"437,000",8,68,1,1,한국,한국,월드 영화사,월드 영화사,15세이상관람가,다큐멘터리,박두혁,"박두혁,오안진,손선아,류종록,윤진혁,류종록,이유민,김나인,윤지원,김나인,박준호,박찬종,송현욱,송현욱,김두현,신승훈,봉신주,신하준,김수영,이종운,김자성,고재경,장영근,정현수,이준희,이성민,김재민,이지한,황성호,김종식,이수빈,윤지원,조윤진,최정호,강민철,강석천,강소완,고명일,고창은,구인교,김지한,김경옥,김도환,이영호,이영호,이희규,이우림,김재준,김채근,김현재,우정,문유일,유성간,정락생,윤예서,김창수,정지욱,정지후,이지혁,이소금,이순화,박이건,이은기,박힘찬,임지효,송왕준,장수애,소병후,임대웅,변용학,홍은기,황으뜸,황주섭,황진환,허웅,홍산"
431,스펠바운드,,"16,000",0.0%,"1,942,000",8,874,1,1,미국,미국,,,,"미스터리,드라마,멜로/로맨스,스릴러,기타",알프레드 히치콕,"잉그리드 버그만,그레고리 펙"
432,별의 정원,2019-07-04,"23,000",0.0%,"97,299,300",7,"14,293",1,3,한국,한국,(주)아슈비아만화영화푸로덕션,예지림엔터테인먼트,전체관람가,"애니메이션,판타지",원종식,"김연우,신용우,전태열,배수빈,김새해,시영준,엄상현,김새해,홍범기,홍범기,조규진,이미연,이미형,이현정"
433,겁쟁이 페달: 더 무비,2016-01-14,"25,000",0.0%,"83,833,942",3,"11,820",1,2,일본,일본,,(주)미디어캐슬,전체관람가,애니메이션,나가누마 노리히로,
434,드래곤 빌리지,2019-12-12,"20,000",0.0%,"27,780,900",3,"4,163",1,1,터키,터키,,와이드 릴리즈(주),전체관람가,"판타지,코미디,애니메이션",,
435,라 파미에,2019-12-12,"21,000",0.0%,"6,622,280",3,954,1,2,프랑스,프랑스,,(주)에스와이코마드,12세이상관람가,"드라마,코미디",장-폴 루브,"루디빈 사니에,장-폴 루브,호세 가르시아,람지 베디아"
436,카운트다운,2016-11-22,"3,000",0.0%,"6,000",3,4,2,3,미국,미국,,(주)퍼스트런,청소년관람불가,액션,존 스톡웰,캐서린 이사벨
437,겁쟁이 페달: 리로드,2016-01-14,"17,000",0.0%,"21,483,558",2,"3,083",1,1,일본,일본,,(주)미디어캐슬,전체관람가,애니메이션,나베시마 오사무,
438,은지: 돌이킬 수 없는 그녀,2019-12-19,"3,000",0.0%,"5,195,800",2,570,2,2,한국,한국,(주)더킹이엔티,(주)이놀미디어,청소년관람불가,"미스터리,스릴러",구모,"김유연,김진근"
439,개인교습: 사촌여동생,2020-01-13,"5,000",0.0%,"5,000",1,1,1,1,한국,한국,제이투프로덕션,(주)소나무픽쳐스,청소년관람불가,멜로/로맨스,강정훈,
440,거친 섹스에 빠진 그녀들,2020-01-22,"1,000",0.0%,"1,000",1,1,1,1,한국,한국,(주)씨맥스커뮤니케이션즈,(주)씨맥스커뮤니케이션즈,청소년관람불가,드라마,박은석,
441,겁쟁이 페달: 스페어바이크,2016-11-17,"11,000",0.0%,"18,227,750",1,"2,448",1,1,일본,일본,,(주)미디어캐슬,전체관람가,애니메이션,나베시마 오사무,
442,게이트 키퍼: 또 다른 세계,2020-01-09,"5,000",0.0%,"5,000",1,1,1,1,러시아,러시아,,(주)씨맥스이앤씨,15세이상관람가,"SF,액션",세르게이 모크리츠키,율리아 페레실드
443,구멍사이 몰래보기,2020-01-03,"1,000",0.0%,"1,000",1,1,1,1,일본,일본,,주식회사 미콘,청소년관람불가,드라마,다테 류지,
444,꼬치집:과부 여주인,2020-01-09,"6,000",0.0%,"6,000",1,1,1,1,일본,일본,,(주)영진크리에이티브,청소년관람불가,"멜로/로맨스,드라마",카와사키 군지,
445,꽃미모 며느리에게 갑질,2020-01-03,"6,000",0.0%,"6,000",1,1,1,1,일본,일본,,(주)도키엔터테인먼트,청소년관람불가,성인물(에로),,
446,꽉찬 느낌이 좋은 새엄마,2020-01-03,"6,000",0.0%,"6,000",1,1,1,1,일본,일본,,(주)도키엔터테인먼트,청소년관람불가,성인물(에로),,
447,끝까지 가는 새엄마,2020-01-06,"6,000",0.0%,"6,000",1,1,1,1,일본,일본,,(주)도키엔터테인먼트,청소년관람불가,성인물(에로),,
448,나를 꼬시는 가정교사,2020-01-06,"6,000",0.0%,"6,000",1,1,1,1,일본,일본,,(주)도키엔터테인먼트,청소년관람불가,성인물(에로),,
449,나를 유혹한 여친의 친구,2020-01-14,"6,000",0.0%,"6,000",1,1,1,1,일본,일본,,(주)플라이어,청소년관람불가,"드라마,성인물(에로)",오자키 히로코우지,
450,나쁜 남자:내 아내를 몰래 먹다,2020-01-03,"6,000",0.0%,"6,000",1,1,1,1,일본,일본,,(주)영진크리에이티브,청소년관람불가,"멜로/로맨스,드라마",아카바네 키쿠지로,
451,나쁜 섹스:겁탈 당한 아내3,2020-01-09,"6,000",0.0%,"6,000",1,1,1,1,일본,일본,,(주)영진크리에이티브,청소년관람불가,"멜로/로맨스,드라마",하라다 칸토나,
452,나의 노래는 멀리멀리,2019-10-03,"9,000",0.0%,"33,800,180",1,"4,154",1,1,한국,한국,,영화사 풀,전체관람가,다큐멘터리,현진식,"김지희,이순도"
453,남자에 굶주린 그녀,2020-01-10,"1,000",0.0%,"1,000",1,1,1,1,한국,한국,(주)씨맥스커뮤니케이션즈,(주)씨맥스커뮤니케이션즈,청소년관람불가,드라마,박은석,
454,남편보단 낯선 남자,2020-01-03,"6,000",0.0%,"6,000",1,1,1,1,일본,일본,,(주)영진크리에이티브,청소년관람불가,"멜로/로맨스,드라마",하라다 칸토나,
455,남편상사에게 뺏긴 아내,2020-01-31,"6,000",0.0%,"6,000",1,1,1,1,일본,일본,,(주)영진크리에이티브,청소년관람불가,"멜로/로맨스,드라마",버드맨 텟페이,
456,남편상사와의 속궁합,2020-01-06,"6,000",0.0%,"6,000",1,1,1,1,일본,일본,,(주)도키엔터테인먼트,청소년관람불가,성인물(에로),,
457,남편선배:속궁합이 궁금해,2020-01-22,"6,000",0.0%,"6,000",1,1,1,1,일본,일본,,(주)영진크리에이티브,청소년관람불가,"멜로/로맨스,드라마",토미죠 타로,
458,남편친구:손기술에 가버린 아내,2020-01-22,"6,000",0.0%,"6,000",1,1,1,1,일본,일본,,(주)영진크리에이티브,청소년관람불가,"멜로/로맨스,드라마",사노 B사쿠,
459,다운시커,2020-01-28,"1,000",0.0%,"1,000",1,1,1,1,미국,미국,,(주)영화사 안다미로,15세이상관람가,SF,저스틴 프라이스,
460,달나라에 사는 여인,2019-12-19,"6,000",0.0%,"115,000",1,25,1,1,프랑스,프랑스,,노바엔터테인먼트,청소년관람불가,"드라마,멜로/로맨스",니콜 가르시아,"마리옹 꼬띠아르,알렉스 브렌데뮬"
461,대물인 의붓아들,2020-01-03,"6,000",0.0%,"6,000",1,1,1,1,일본,일본,,(주)도키엔터테인먼트,청소년관람불가,성인물(에로),,
462,데릴사위 : 젊은 장모를 탐하다,2020-01-06,"6,000",0.0%,"6,000",1,1,1,1,한국,한국,(주)영화사가을,(주)영화사가을,청소년관람불가,멜로/로맨스,최민현,
463,데빌 인 더 캐빈,2020-01-28,"1,000",0.0%,"1,000",1,1,1,1,미국,미국,,(주)영화사 안다미로,청소년관람불가,공포(호러),앤드류 존스,리 베인
464,돌싱들의 야릇한 소개팅 - 화끈하다,2020-01-03,"6,000",0.0%,"6,000",1,1,1,1,일본,일본,,(주)도키엔터테인먼트,청소년관람불가,성인물(에로),,
465,동생의 젊은 아내-감독판,2020-01-23,"5,000",0.0%,"5,000",1,1,1,1,한국,한국,제이투프로덕션,(주)소나무픽쳐스,청소년관람불가,멜로/로맨스,이재금,
466,동아시아반일무장전선,,"9,000",0.0%,"82,000",1,13,1,1,한국,한국,,,,다큐멘터리,김미례,
467,레프트 비하인드: 남겨진 시대,,"6,000",0.0%,"6,000",1,1,1,1,미국,미국,,,,"어드벤처,드라마",,
468,루시드: 자각몽,2020-01-24,"6,000",0.0%,"6,000",1,1,1,1,영국,영국,,(주)도키엔터테인먼트,15세이상관람가,"SF,액션",,
469,맛있는여대생들-무삭제,2020-01-15,"5,000",0.0%,"5,000",1,1,1,1,한국,한국,에이원 미디어,에이원 미디어,청소년관람불가,멜로/로맨스,천성준,
470,목욕탕을 좋아하는 새엄마,2020-01-03,"6,000",0.0%,"6,000",1,1,1,1,일본,일본,,(주)도키엔터테인먼트,청소년관람불가,성인물(에로),,
471,보랏빛 속옷의 처형,2020-01-03,"6,000",0.0%,"6,000",1,1,1,1,일본,일본,,(주)도키엔터테인먼트,청소년관람불가,성인물(에로),,
472,불량탐정: 먹이사슬,2020-01-22,"1,000",0.0%,"1,000",1,1,1,1,한국,한국,영화사 산들바람,(주)액티버스엔터테인먼트,청소년관람불가,"성인물(에로),스릴러",리차드 킴,
473,살인병기 격리구역,2020-01-31,"6,000",0.0%,"6,000",1,1,1,1,중국,중국,,(주)도키엔터테인먼트,15세이상관람가,액션,,
474,삼촌,2019-11-28,"10,000",0.0%,"5,763,540",1,703,1,1,한국,한국,영화사 진,(주)드림팩트엔터테인먼트,청소년관람불가,"미스터리,스릴러",김형진,"정우림,강신효,강신철,고규필"
475,새엄마 동생,2020-01-10,"1,000",0.0%,"1,000",1,1,1,1,한국,한국,(주)케이알씨지,(주)케이알씨지,청소년관람불가,멜로/로맨스,이동현,
476,새팬티로 갈아입은 유부녀,2020-01-03,"6,000",0.0%,"6,000",1,1,1,1,일본,일본,,(주)도키엔터테인먼트,청소년관람불가,성인물(에로),,
477,섹슈얼 클리닉-오르가즘강좌,2020-01-03,"1,000",0.0%,"1,000",1,1,1,1,일본,일본,,주식회사 미콘,청소년관람불가,드라마,,카노 아야코
478,속궁합 잘 맞는 친구엄마,2020-01-22,"6,000",0.0%,"6,000",1,1,1,1,한국,한국,(주)영화사가을,(주)영화사가을,청소년관람불가,멜로/로맨스,최민현,
479,스와핑 : 아내의 동의,2020-01-22,"6,000",0.0%,"6,000",1,1,1,1,한국,한국,(주)영화사가을,(주)영화사가을,청소년관람불가,멜로/로맨스,최민현,
480,스와핑 : 잘못된 쾌락,2020-01-17,"6,000",0.0%,"6,000",1,1,1,1,한국,한국,(주)영화사가을,(주)영화사가을,청소년관람불가,멜로/로맨스,최민현,
481,시아버지와 젊은 며느리들,2020-01-23,"5,000",0.0%,"5,000",1,1,1,1,한국,한국,제이투프로덕션,(주)소나무픽쳐스,청소년관람불가,멜로/로맨스,이진,
482,실수한 부인과 불륜정사,2020-01-06,"6,000",0.0%,"6,000",1,1,1,1,일본,일본,,(주)도키엔터테인먼트,청소년관람불가,성인물(에로),,
483,쌔끈한 며느리,2020-01-22,"6,000",0.0%,"6,000",1,1,1,1,일본,일본,,(주)영진크리에이티브,청소년관람불가,"멜로/로맨스,드라마",버드맨 텟페이,
484,아내의 욕정난 지스팟,2020-01-03,"6,000",0.0%,"6,000",1,1,1,1,일본,일본,,(주)도키엔터테인먼트,청소년관람불가,성인물(에로),,
485,아내의유혹-무삭제,2020-01-08,"5,000",0.0%,"5,000",1,1,1,1,한국,한국,에이원 미디어,에이원 미디어,청소년관람불가,멜로/로맨스,천성준,
486,아주버님의 거친 매력,2020-01-31,"6,000",0.0%,"6,000",1,1,1,1,일본,일본,,(주)영진크리에이티브,청소년관람불가,"멜로/로맨스,드라마",토미죠 타로,
487,아줌맛,2020-01-21,"6,000",0.0%,"6,000",1,1,1,1,일본,일본,,(주)플라이어,청소년관람불가,"드라마,성인물(에로)",오자키 히로코우지,
488,알.이.엠,2020-01-04,"2,000",0.0%,"2,000",1,1,1,1,미국,미국,,(주)스토리제이,15세이상관람가,스릴러,,
489,알라딘-램프의 신,2020-01-07,"1,000",0.0%,"1,000",1,1,1,1,미국,미국,,(유)조이앤시네마,12세이상관람가,"드라마,멜로/로맨스",,
490,애니 불릿 윌 두,,"6,000",0.0%,"6,000",1,1,1,1,미국,미국,,,,서부극(웨스턴),저스틴 리,
491,애인:일본 유부녀들,2020-01-09,"6,000",0.0%,"6,000",1,1,1,1,일본,일본,,(주)영진크리에이티브,청소년관람불가,"멜로/로맨스,드라마",카와사키 군지,
492,애인의 육체코디,2020-01-03,"6,000",0.0%,"6,000",1,1,1,1,일본,일본,,(주)도키엔터테인먼트,청소년관람불가,성인물(에로),,
493,야한 누나들-커다란게 좋아,2020-01-31,"6,000",0.0%,"6,000",1,1,1,1,일본,일본,,(주)영진크리에이티브,청소년관람불가,"멜로/로맨스,드라마",칸바라 이쿠토,
494,어리고 이쁜 새엄마,2020-01-22,"6,000",0.0%,"6,000",1,1,1,1,일본,일본,,(주)영진크리에이티브,청소년관람불가,"멜로/로맨스,드라마",버드맨 텟페이,
495,얼굴에 육덕둔부 들이미는 친구아내,2020-01-30,"6,000",0.0%,"6,000",1,1,1,1,일본,일본,,(주)플라이어,청소년관람불가,"드라마,성인물(에로)",오자키 히로코우지,시노자키 칸나
496,엄청 야한 새엄마,2020-01-06,"6,000",0.0%,"6,000",1,1,1,1,일본,일본,,(주)도키엔터테인먼트,청소년관람불가,성인물(에로),,
497,에어리언 대침공,2020-01-23,"1,000",0.0%,"1,000",1,1,1,1,미국,미국,,(유)조이앤시네마,15세이상관람가,"액션,SF,어드벤처",,
498,에일리언 2020,2020-01-07,"1,000",0.0%,"1,000",1,1,1,1,캐나다,캐나다,,(유)조이앤시네마,15세이상관람가,"액션,스릴러,SF",,
499,외로운 새엄마와 욕탕에서,2020-01-03,"6,000",0.0%,"6,000",1,1,1,1,일본,일본,,(주)도키엔터테인먼트,청소년관람불가,성인물(에로),,
500,욕정을 받아주는 가정교사,2020-01-03,"6,000",0.0%,"6,000",1,1,1,1,일본,일본,,(주)도키엔터테인먼트,청소년관람불가,성인물(에로),,
501,월드 워 Z : 아포칼립스,2020-01-14,"1,000",0.0%,"1,000",1,1,1,1,영국,영국,,(주)알이디아이스엔터,15세이상관람가,공포(호러),,
502,유부녀 여상사와 출장,2020-01-14,"6,000",0.0%,"6,000",1,1,1,1,일본,일본,,(주)플라이어,청소년관람불가,"드라마,성인물(에로)",오자키 히로코우지,
503,음란 며느리,2020-01-17,"6,000",0.0%,"6,000",1,1,1,1,일본,일본,,(주)영진크리에이티브,청소년관람불가,"멜로/로맨스,드라마",버드맨 텟페이,
504,음란한 방문 서비스,2020-01-03,"6,000",0.0%,"6,000",1,1,1,1,일본,일본,,(주)영진크리에이티브,청소년관람불가,"멜로/로맨스,드라마",히이라기 엔부,
505,이은미-가슴큰누나,2020-01-10,"5,000",0.0%,"5,000",1,1,1,1,한국,한국,스마일컨텐츠,스마일컨텐츠,청소년관람불가,멜로/로맨스,원명준,
506,자매전쟁,2020-01-22,"1,000",0.0%,"1,000",1,1,1,1,한국,한국,영화사 산들바람,(주)액티버스엔터테인먼트,청소년관람불가,"성인물(에로),드라마",리차드 킴,
507,잘 벗는 옆집여자,2020-01-03,"6,000",0.0%,"6,000",1,1,1,1,일본,일본,,(주)영진크리에이티브,청소년관람불가,"멜로/로맨스,드라마",버드맨 텟페이,
508,잘 해주는 어린 새엄마,2020-01-31,"6,000",0.0%,"6,000",1,1,1,1,일본,일본,,(주)영진크리에이티브,청소년관람불가,"멜로/로맨스,드라마",버드맨 텟페이,
509,잠 못 이루는 섹스2 무삭제판,2020-01-09,"1,000",0.0%,"1,000",1,1,1,1,한국,한국,(주)케이알씨지,(주)케이알씨지,청소년관람불가,"멜로/로맨스,성인물(에로)",이민환,
510,젊은 장모: 여친의 엄마,2020-01-13,"5,000",0.0%,"5,000",1,1,1,1,한국,한국,제이투프로덕션,(주)소나무픽쳐스,청소년관람불가,멜로/로맨스,이재금,
511,정년퇴직한 변태 시아버지,2020-01-06,"6,000",0.0%,"6,000",1,1,1,1,일본,일본,,(주)도키엔터테인먼트,청소년관람불가,성인물(에로),,
512,정사: 금지된 사랑,2020-01-23,"5,000",0.0%,"5,000",1,1,1,1,헝가리,헝가리,,(주)소나무픽쳐스,청소년관람불가,멜로/로맨스,,
513,정사:착한 며느리2,2020-01-03,"6,000",0.0%,"6,000",1,1,1,1,일본,일본,,(주)영진크리에이티브,청소년관람불가,"멜로/로맨스,드라마",아카바네 키쿠지로,
514,젖은 속옷의 마사지사 - 흥분지수,2020-01-03,"6,000",0.0%,"6,000",1,1,1,1,일본,일본,,(주)도키엔터테인먼트,청소년관람불가,성인물(에로),,
515,중년 알바: 젖어드는 불륜의 맛,2020-01-23,"1,000",0.0%,"1,000",1,1,1,1,일본,일본,,(주)씨맥스커뮤니케이션즈,청소년관람불가,드라마,,요시자와 아키호
516,지옥행 특급택시,2020-01-27,"6,000",0.0%,"6,000",1,1,1,1,미국,미국,,(주)도키엔터테인먼트,15세이상관람가,"SF,액션",,
517,직장상사에게 빼앗긴 아내,2020-01-21,"6,000",0.0%,"6,000",1,1,1,1,일본,일본,,(주)플라이어,청소년관람불가,"드라마,성인물(에로)",오자키 히로코우지,
518,착한 며느리:밤이 외로워,2020-01-03,"6,000",0.0%,"6,000",1,1,1,1,일본,일본,,(주)영진크리에이티브,청소년관람불가,"멜로/로맨스,드라마",버드맨 텟페이,
519,참지 못하는 여친의 성욕,2020-01-17,"1,000",0.0%,"1,000",1,1,1,1,한국,한국,(주)씨맥스커뮤니케이션즈,(주)씨맥스커뮤니케이션즈,청소년관람불가,드라마,박은석,
520,채팅앱-누나의맛-무삭제,2020-01-31,"5,000",0.0%,"5,000",1,1,1,1,한국,한국,에이원 미디어,에이원 미디어,청소년관람불가,멜로/로맨스,천성준,"김수지,배유정"
521,처형과의 1박2일,2020-01-06,"6,000",0.0%,"6,000",1,1,1,1,일본,일본,,(주)도키엔터테인먼트,청소년관람불가,성인물(에로),,
522,치한 전철 화장실,2020-01-03,"6,000",0.0%,"6,000",1,1,1,1,일본,일본,,(주)도키엔터테인먼트,청소년관람불가,성인물(에로),,
523,친구아들과 목욕탕 불륜,2020-01-03,"6,000",0.0%,"6,000",1,1,1,1,일본,일본,,(주)도키엔터테인먼트,청소년관람불가,성인물(에로),,
524,친구엄마 : 내 여자가 되던 날 2,2020-01-03,"6,000",0.0%,"6,000",1,1,1,1,한국,한국,(주)영화사가을,(주)영화사가을,청소년관람불가,멜로/로맨스,최민현,
525,친구엄마도 여자인데,2020-01-03,"6,000",0.0%,"6,000",1,1,1,1,일본,일본,,(주)도키엔터테인먼트,청소년관람불가,성인물(에로),,
526,친구엄마들:세 친구의 스와핑,2020-01-09,"6,000",0.0%,"6,000",1,1,1,1,일본,일본,,(주)영진크리에이티브,청소년관람불가,"멜로/로맨스,드라마",카와사키 군지,
527,친구엄마와 핵재미,2020-01-06,"6,000",0.0%,"6,000",1,1,1,1,일본,일본,,(주)도키엔터테인먼트,청소년관람불가,성인물(에로),,
528,친구의 육덕진 딸 첫경험 시키기,2020-01-16,"6,000",0.0%,"6,000",1,1,1,1,일본,일본,,(주)플라이어,청소년관람불가,"드라마,성인물(에로)",,이나바 루카
529,파라다이스 인 푸켓:여대생의 맛 무삭제판,2020-01-16,"6,000",0.0%,"6,000",1,1,1,1,한국,한국,(주)영진크리에이티브,(주)영진크리에이티브,청소년관람불가,"멜로/로맨스,드라마",윤준세,
530,파라다이스 인 푸켓:유학생의 맛 무삭제판,2020-01-16,"6,000",0.0%,"6,000",1,1,1,1,한국,한국,(주)영진크리에이티브,(주)영진크리에이티브,청소년관람불가,"멜로/로맨스,드라마",윤준세,
531,한번 맛보면 참을 수 없는 육덕 유부녀,2020-01-30,"1,000",0.0%,"1,000",1,1,1,1,일본,일본,,(주)플라이어,청소년관람불가,"드라마,성인물(에로)",잠파,아오이 유리카
532,허락해버린 간호사,2020-01-06,"6,000",0.0%,"6,000",1,1,1,1,일본,일본,,(주)도키엔터테인먼트,청소년관람불가,성인물(에로),,
533,활짝 열린 미망인의 꽃,2020-01-03,"6,000",0.0%,"6,000",1,1,1,1,일본,일본,,(주)도키엔터테인먼트,청소년관람불가,성인물(에로),,
534,레드슈즈,2019-07-25,0,0.0%,"6,103,833,190",0,"817,729",1,2,한국,한국,(주)싸이더스,(주)넥스트엔터테인먼트월드(NEW),전체관람가,"애니메이션,코미디,판타지,어드벤처,멜로/로맨스","홍성호,홍성호","클로이 모레츠,샘 클라플린,지나 거손,패트릭 워버튼,짐 래쉬,아바 콜커,사성웅,김명준,신용우,유호한,곽지혜,전진아,권성혁,김규동,정승욱,윤세웅,정재헌,안소이,신예솔,이종구,전광주,최한,서문석"
535,리틀 포레스트,2018-02-28,0,0.0%,"11,934,249,185",0,"1,506,911",1,1,한국,한국,(주)영화사수박,메가박스중앙(주)플러스엠,전체관람가,드라마,임순례,"김태리,류준열,문소리,진기주,홍성덕,이광용,이상준,김재훈,이유진,김정은,김주은,이태영,김지윤,김현지,오수엽,박미현,박민지,박성준,임정희,박수현,박정희,박종찬,김혁,김호,강민지,김다정,김동혁,김명희,최원석,최혜림,김소정,김수현,김은영,김예슬,전국향,장재희,정준원"
536,마의 계단,,0,0.0%,0,0,0,1,2,한국,한국,,,,"드라마,스릴러,미스터리",이만희,"김진규,문정숙"
537,비긴 어게인,2014-08-13,0,0.0%,"27,214,850,961",0,"3,445,658",1,1,미국,미국,,판씨네마(주),15세이상관람가,멜로/로맨스,존 카니,"키이라 나이틀리,마크 러팔로,애덤 리바인,헤일리 스테인펠드,제임스 코든,캐서린 키너"
538,"설악, 산양의 땅 사람들",,0,0.0%,"147,000",0,21,1,1,한국,한국,,,,다큐멘터리,이강길,
539,신과함께-인과 연,2018-08-01,0,0.0%,"102,677,675,409",0,"12,276,350",1,1,한국,한국,"리얼라이즈픽쳐스(주),(주)덱스터스튜디오",롯데컬처웍스(주)롯데엔터테인먼트,12세이상관람가,"판타지,드라마",김용화,"하정우,주지훈,김향기,마동석,김동욱,이정재,김기태,오희준,도경수,이준혁,이수봉,이용희,이우주,이우주,이준혁,이지향,이지향,이지혜,김지안,김철구,김태준,안용우,김학충,노남석,장재욱,전종석,박지선,박찬영,정진영,정지훈,권훈,권수정,김대근,김대현,김동욱,김민석,안지호,강민,조한철,임철수,민무제,강신철,홍기준,장광,정아미,김민종,홍인,류제승,최현종,김그림,양지수"
540,신과함께-죄와 벌,2017-12-20,0,0.0%,"115,707,627,637",0,"14,411,775",1,1,한국,한국,"리얼라이즈픽쳐스(주),(주)덱스터스튜디오",롯데쇼핑㈜롯데엔터테인먼트,12세이상관람가,"판타지,드라마",김용화,"하정우,차태현,주지훈,김향기,마동석,김동욱,도경수,오달수,임원희,장광,정해균,김수안,이정재,김해숙,이경영,김하늘,최용훈,강소백,정수윤,이수봉,이승준,이지향,김태준,정지훈,예수정,김기태,성유빈,오희준,이준혁,유수빈,윤지온,임철수,나철,강길우,김민종,홍인,정순원,김그림,박윤호,양지수,김지나"
541,아가,,0,0.0%,0,0,0,1,1,불가리아,불가리아,,,,드라마,,
542,어글리 돌,2019-05-01,0,0.0%,"382,560,870",0,"52,586",1,1,미국,미국,,판씨네마(주),전체관람가,애니메이션,캘리 애스버리,"켈리 클락슨,닉 조나스,자넬 모네,핏불"
543,언어의 정원,2013-08-14,0,0.0%,"476,336,923",0,"70,428",1,1,일본,일본,,(주)팝엔터테인먼트,12세이상관람가,애니메이션,신카이 마코토,"이리노 미유,하나자와 카나,히라노 후미"
544,엄마는 갱년기,,0,0.0%,0,0,0,1,2,중국,중국,,,,"코미디,드라마",황건신,여려평
545,인재경도,,0,0.0%,0,0,0,1,2,중국,중국,,,,"코미디,드라마",엽위민,"왕보강,서쟁,이소로,장흠예"
546,인정사정 볼 것 없다,1999-07-31,0,0.0%,"1,943,500",0,270,1,1,한국,한국,(주)태원엔터테인먼트,(주)시네마서비스,12세관람가,액션,이명세,"박중훈,권용운,김현아,안성기,장동건,최지우,김희정,송영창,박상면,이원종,김일우,기주봉,박길수,이혜은,박지일"
547,지하실의 7인,,0,0.0%,0,0,0,1,2,한국,한국,,,,스릴러,이성구,
548,초속5센티미터,2007-06-21,0,0.0%,"262,989,742",0,"43,788",1,1,일본,일본,,"대원디지털엔터테인먼트,(주)팝엔터테인먼트",전체관람가,"애니메이션,드라마,멜로/로맨스",신카이 마코토,미즈하시 켄지
549,충녀,1972-10-06,0,0.0%,"2,647,500",0,349,1,2,한국,한국,한립물산,,12세이상관람가,드라마,김기영,"남궁원,윤여정"
550,,,"143,681,067,930",,"1,914,572,121,020","16,843,696","235,011,975","19,335","608,683",,,,,,,,
