,N_movie_code,title,comeout_date,expert_rating,starring_actors,running_times,directors,audience_rating,rating_audiences
0,98438,어벤져스: 에이지 오브 울트론,2015,6.92,"로버트 다우니 주니어(토니 스타크 / 아이언맨), 크리스 헴스워스(토르), 마크 러팔로(브루스 배너 / 헐크)",141분,조스 웨던,8.612376613515565,5268
1,102875,국제시장,2014,5.81,"황정민(덕수), 김윤진(영자), 오달수(달구)",126분,윤제균,9.272090988626422,1143
2,114249,킹스맨 : 시크릿 에이전트,2015,7.58,"콜린 퍼스(해리), 태런 에저튼(에그시), 사무엘 L. 잭슨(발렌타인)",128분,매튜 본,8.96078431372549,918
3,N_movie_code,title,comeout_date,expert_rating,starring_actors,running_times,directors,audience_rating,rating_audiences
4,123596,조선명탐정 : 사라진 놉의 딸,2014,5.85,"김명민(명탐정 김민), 오달수(서필), 이연희(히사코)",125분,김석윤,8.172131147540984,610
5,77768,매드맥스: 분노의 도로,2015,8.75,"톰 하디(맥스 로켓탄스키), 샤를리즈 테론(임페라토르 퓨리오사), 니콜라스 홀트(눅스)",120분,조지 밀러,8.889012208657048,901
6,109905,분노의 질주: 더 세븐,2015,7.08,"빈 디젤(도미닉 토레토), 폴 워커(브라이언 오코너), 드웨인 존슨(루크 홉스)",138분,제임스 완,9.294190358467244,809
7,123277,스물,2014,5.88,"김우빈(치호), 준호(동우), 강하늘(경재)",115분,이병헌,8.779516358463727,703
8,109911,빅 히어로,2014,7.16,"다니엘 헤니(테디 아르마다 목소리), 라이언 포터(히로 아르마다 목소리), 스콧 애짓(베이맥스 목소리)",108분,"돈 홀, 크리스 윌리엄스",9.359840954274354,1006
9,122120,극비수사,2015,7.16,"김윤석(공길용), 유해진(김중산)",108분,곽경택,8.393271461716937,862
10,118950,스파이,-,7.32,"멜리사 맥카시, 주드 로, 제이슨 스타뎀",120분,폴 페이그,8.889208633093526,695
11,103760,강남 1970,2014,5.84,"이민호(종대), 김래원(용기), 정진영(길수)",135분,유하,8.053080568720379,1055
12,122535,악의 연대기,2015,5.81,"손현주(최반장(최창식)), 마동석(오형사), 최다니엘(김진규)",102분,백운학,8.42809364548495,598
13,74027,오늘의 연애,2014,4.00,"이승기(준수), 문채원(현우), 이서진(동진)",118분,박진표,8.06051437216339,661
14,102272,연평해전,2015,4.94,"김무열(윤영하), 진구(한상국), 이현우(박동혁)",130분,김학순,9.344880677444188,1299
15,109982,테이큰 3,2015,3.88,"리암 니슨(브라이언 밀스), 팜케 얀센(레니), 매기 그레이스(킴)",112분,올리비에 메가턴,8.095959595959595,990
16,113348,이미테이션 게임,2014,7.25,"베네딕트 컴버배치(앨런 튜링), 키이라 나이틀리(조안 클라크), 매튜 구드(휴 알렉산더)",114분,모튼 틸덤,8.72682119205298,604
17,90596,샌 안드레아스,2015,4.90,"드웨인 존슨(레이몬드 게인즈), 알렉산드라 다드다리오(블레이크 게인즈), 칼라 구기노(엠마 게인즈)",114분,브래드 페이튼,8.426070038910506,514
18,119966,쎄시봉,2015,6.11,"정우(젊은 오근태), 김윤석(오근태), 한효주(젊은 민자영)",122분,김현석,8.43424317617866,403
19,119632,위플래쉬,2014,8.44,"마일즈 텔러(앤드류), J.K. 시몬스(플렛처)",106분,데이미언 셔젤,9.083129584352077,409
20,114276,마다가스카의 펭귄,2014,6.33,"베네딕트 컴버배치(비밀요원 목소리), 존 말코비치(데이브/옥토브레인 목소리), 톰 맥그라스(스키퍼 목소리)",92분,"에릭 다넬, 사이몬 J. 스미스",8.681981981981982,1110
21,124041,차이나타운,2014,6.03,"김혜수(엄마), 김고은(일영), 엄태구(우곤)",110분,한준희,7.491289198606272,574
22,120125,장수상회,2014,6.36,"박근형(성칠), 윤여정(금님), 조진웅(장수)",112분,강제규,8.677725118483412,211
23,120123,간신,2015,4.97,"주지훈(임숭재), 김강우(이 융), 천호진(임사홍)",131분,민규동,7.268542199488491,391
24,118958,박물관이 살아있다 : 비밀의 무덤,-,5.67,"벤 스틸러, 로빈 윌리엄스, 댄 스티븐스",98분,숀 레비,8.313559322033898,354
25,112268,허삼관,-,6.46,"하정우, 하지원",124분,하정우,7.811816192560175,457
26,130013,"님아, 그 강을 건너지 마오",Don't Cross That River,6.00,"조병만, 강계열",86분,진모영,9.67,100
27,122916,살인의뢰,2014,4.33,"김상경(태수), 김성균(승현), 박성웅(강천)",102분,손용호,6.614678899082569,327
28,117790,기술자들,2014,4.75,"김우빈(지혁), 김영철(조사장), 고창석(구인)",116분,김홍선,7.925486875529213,1181
29,101963,신데렐라,-,6.5,"릴리 제임스, 리차드 매든, 케이트 블란쳇",113분,케네스 브래너,8.40327868852459,305
30,116254,채피,2015,5.78,"휴 잭맨(빈센트), 샬토 코플리(채피), 시고니 위버(미셸 브래들리)",120분,닐 블롬캠프,7.703703703703703,216
31,123470,헬머니,2014,4.13,"김수미(헬머니), 정만식(승현), 김정태(주현)",108분,신한솔,7.5646258503401365,147
32,127901,도라에몽 : 스탠 바이 미,-,7.0,"미즈타, 와사비, 오오하라 메구미, 카카즈 유미",95분,"야마자키 다카시, 야기 류이치",8.51792828685259,251
33,103381,위험한 상견례 2,-,4.0,"진세연, 홍종현, 신정근",119분,김진영,8.396039603960396,202
34,112041,순수의 시대,2014,4.57,"신하균(김민재), 장혁(이방원), 강한나(가희)",113분,안상훈,6.721153846153846,208
35,44911,무뢰한,2014,7.21,"전도연(김혜경), 김남길(정재곤), 박성웅(박준길)",118분,오승욱,7.502283105022831,219
36,54977,내 심장을 쏴라,2014,4.55,"이민기(류승민), 여진구(이수명)",102분,문제용,8.256544502617801,191
37,115303,그레이의 50가지 그림자,2015,3.07,"제이미 도넌(크리스찬 그레이), 다코타 존슨(아나스타샤 스틸), 루크 그림즈(엘리엇 그레이)",125분,샘 테일러 존슨,5.575187969924812,266
38,122197,홈,-,6.56,"짐 파슨스, 리아나, 제니퍼 로페즈",94분,팀 존슨,8.26086956521739,207
39,112039,경성학교: 사라진 소녀들,2014,6.75,"박보영(주란), 엄지원(교장), 박소담(연덕)",99분,이해영,6.72108843537415,294
40,109984,아메리칸 스나이퍼,2014,7.25,"브래들리 쿠퍼(크리스 카일), 시에나 밀러(타야), 제이크 맥더맨",132분,클린트 이스트우드,8.669902912621358,206
41,97816,호빗: 다섯 군대 전투,2014,6.42,"마틴 프리먼(빌보 배긴스), 이안 맥켈런(간달프), 리처드 아미티지(소린 오큰실드)",144분,피터 잭슨,8.620253164556962,1185
42,125841,스폰지밥3D,2015,5.50,"전태열(스폰지밥), 이인성(뚱이), 안토니오 반데라스",92분,폴 티비트,7.947826086956522,345
43,99096,주피터 어센딩,2015,4.75,"밀라 쿠니스(주피터 존스), 채닝 테이텀(케인), 숀 빈(스팅어)",127분,"라나 워쇼스키, 릴리 워쇼스키",6.739495798319328,119
44,114248,패딩턴,-,6.64,"벤 위쇼, 니콜 키드먼, 휴 보네빌",95분,폴 킹,8.754716981132075,265
45,88477,오즈의 마법사: 돌아온 도로시,2013,6.00,"박지윤(도로시 한국어 목소리), 김하영(공주 한국어 목소리), 신용우(제스터 한국어 목소리)",91분,"윌 핀, 댄 세인트 피에르",8.049382716049383,162
46,118903,런 올 나이트,2015,5.94,"리암 니슨(지미), 조엘 킨나만(마이클), 에드 해리스(숀)",114분,자움 콜렛 세라,8.02608695652174,115
47,78294,다이노 타임,Dino Time,-,"멜라니 그리피스(타이라(다이노맘) 목소리), 제인 린치(수(엄마) 목소리), 윌리암 볼드윈(사르코형제 목소리)",85분,"최윤석, 존 카프카",8.539370078740157,254
48,119452,인서전트,2015,5.00,"쉐일린 우들리(트리스), 테오 제임스(포), 케이트 윈슬렛(제닌)",119분,로베르트 슈벤트케,7.433962264150943,159
49,94897,소수의견,2013,7.18,"윤계상(진원), 유해진(대석), 김옥빈(수경)",126분,김성제,9.085,200
50,118365,백 투 더 비기닝,Back to the beginning,4.00,"조니 웨스턴(데이비드), 소피아 블랙 디엘리아(제시), 샘 러너(퀸 골드버그)",106분,딘 이스라엘리트,7.689075630252101,119
51,101960,투모로우랜드,2015,5.50,"조지 클루니(프랭크 워커), 휴 로리(데이비드 닉스), 브릿 로버트슨(케이시 뉴튼)",129분,브래드 버드,7.915384615384616,130
52,112040,개를 훔치는 완벽한 방법,2014,7.04,"이레(지소), 이지원(채랑), 홍은택(지석)",109분,김성호,8.664556962025317,158
53,133380,명탐정 코난 : 코난 실종사건 - 사상 최악의 이틀,Detective Conan : MISSIN...,5.00,"김선혜(코난), 강수진(남도일), 이현진(유미란)",92분,야마모토 야스이치로,8.571428571428571,7
54,104478,언브로큰,2014,5.33,"잭 오코넬(루이 잠페리니), 도널 글리슨(필), 가렛 헤드룬드(존 피츠제럴드)",137분,안젤리나 졸리,8.067164179104477,134
55,122457,소셜포비아,2014,7.18,"변요한(지웅), 이주승(용민), 류준열(양게)",102분,홍석재,7.655555555555556,90
56,127328,극장판 포켓몬스터 XY : 파괴의 포켓몬과 디안시,2014,6.00,"조현정(디안시 목소리), 이선호(지우 목소리), 마츠모토 리카",98분,유야마 쿠니히코,8.552301255230125,239
57,127768,언프렌디드: 친구삭제,2014,6.00,"헤더 소서맨(로라 반스), 쉘리 헨닝(블래어 릴리), 모세 제이콥 스톰(미치 러셀)",83분,레반 가브리아제,5.173333333333333,75
58,133223,노아의 방주: 남겨진 녀석들,2015,6.16,"김하영(피니), 배진홍(리아), 윤세웅(데이브)",85분,토비 젠켈,8.408866995073891,203
59,118408,연애의 맛,2015,5.00,"오지호(왕성기), 강예원(길신설)",101분,김아론,8.149532710280374,107
60,107306,버드맨,2014,8.10,"마이클 키튼(리건), 에드워드 노튼(마이크), 엠마 스톤(샘)",119분,알레한드로 곤잘레스 이냐리투,8.532051282051283,156
61,127363,기생수 파트1,Parasyte: Part 1,5.50,"소메타니 쇼타(이즈미 신이치), 아베 사다오(오른쪽이), 후카츠 에리(타미야 료코)",110분,야마자키 다카시,8.26206896551724,145
62,45290,인터스텔라,2014,7.90,"매튜 맥커너히(쿠퍼), 앤 해서웨이(브랜드), 마이클 케인(브랜드 교수)",169분,크리스토퍼 놀란,9.280903328050712,2524
63,132989,최강전사 미니특공대 : 새로운 악당의 습격,-,-,"엄상현, 전태열, 신용우",60분,이영준,7.558252427184466,206
64,109920,아메리칸 셰프,-,6.25,"존 파브로, 엠제이 안소니, 소피아 베르가라",114분,존 파브로,8.851063829787234,94
65,120788,짱구는 못말려 극장판: 정면승부! 로봇아빠의 역습,2014,7.00,"야지마 아키코(노하라 신노스케), 나라하시 미키(노하라 미사에), 후지와라 케이지(노하라 히로시)",97분,타카하시 와타루,8.573333333333334,75
66,120102,워킹걸,2014,3.75,"조여정(백보희), 클라라(오난희), 김태우(구강성)",112분,정범식,7.203703703703703,108
67,114277,은밀한 유혹,2014,3.71,"임수정(지연), 유연석(성열)",110분,윤재구,7.275,80
68,143862,화장실콩쿨,2015,-,[국내] 15세 관람가,30분,이용선,8.666666666666666,3
69,117789,워터 디바이너,2014,5.90,"러셀 크로우(조슈아 코너), 올가 쿠릴렌코(아이셰), 제이 코트니(시릴 휴즈)",111분,러셀 크로우,8.166666666666666,42
70,129783,눈의 여왕2: 트롤의 마법거울,2014,-,"벨라 손(겔다 목소리), 샬토 코플리(올름 목소리)",78분,알렉세이 트시칠린,7.260797342192691,602
71,104426,19곰 테드 2,2015,5.00,"마크 월버그(존 베넷), 아만다 사이프리드(사만다 잭슨), 세스 맥팔레인(테드 목소리)",115분,세스 맥팔레인,8.293233082706767,133
72,115981,나의 절친 악당들,2014,5.50,"류승범(지누), 고준희(나미), 류현경(정숙)",110분,임상수,5.9,80
73,123300,존 윅,2014,6.05,"키아누 리브스(존 윅), 미카엘 니크비스트(비고 타라소프)",107분,"데이빗 레이치, 채드 스타헬스키",7.6440677966101696,59
74,117774,상의원,2014,5.21,"한석규(돌석), 고수(공진), 박신혜(왕비)",127분,이원석,7.787072243346008,526
75,120759,스틸 앨리스,2014,6.57,"줄리안 무어(앨리스), 알렉 볼드윈(존 하울랜드), 크리스틴 스튜어트(리디아)",101분,"리처드 글랫저, 워시 웨스트모어랜드",8.342105263157896,76
76,118948,더 건맨: 테이큰 감독 뉴프로젝트,2015,4.58,"숀 펜(짐 테리어), 하비에르 바르뎀(펠릭스), 이드리스 엘바(재키 반즈)",113분,피에르 모렐,7.0864864864864865,185
77,133169,빌리와 용감한 녀석들 3,-,5.0,"엄상현, 조현정, 숀 애스틴",80분,척 파워스,7.2631578947368425,114
78,93218,7번째 아들,2015,5.00,"제프 브리지스(그레고리), 벤 반스(톰), 줄리안 무어(멀킨)",102분,세르게이 보드로프,6.655172413793103,29
79,101236,포커스,2015,-,"윌 스미스(니키), 마고 로비(제스), 로드리고 산토로(가리가)",104분,"글렌 피카라, 존 레쿼",7.605263157894737,38
80,132665,심야식당,-,6.03,"코바야시 카오루, 오다기리 죠",120분,마츠오카 조지,8.55072463768116,138
81,81464,빅 아이즈,2014,7.09,"에이미 아담스(마가렛 킨), 크리스토프 왈츠(월터 킨)",105분,팀 버튼,8.131578947368421,76
82,118395,와일드,-,7.25,"리즈 위더스푼, 로라 던, 토머스 새도스키",119분,장 마크 발레,8.906976744186046,43
83,109642,더 이퀄라이저,-,6.25,"덴젤 워싱턴, 콜로이 모레츠, 마튼 초카스",131분,안톤 후쿠아,8.136363636363637,22
84,118367,세인트 빈센트,2014,6.19,"빌 머레이(세인트 빈센트 반 누이스), 나오미 왓츠(다카), 멜리사 맥카시(매기)",102분,데오도르 멜피,8.275862068965518,29
85,118957,모데카이,2015,4.65,"조니 뎁(찰리 모데카이), 기네스 팰트로(조한나), 이완 맥그리거(마트랜드)",106분,데이빗 코엡,8.225563909774436,133
86,118361,엑스 마키나,2015,7.05,"도널 글리슨(칼렙), 알리시아 비칸데르(에이바), 오스카 아이삭(네이든)",108분,알렉스 가랜드,7.290322580645161,124
87,118347,타임 패러독스,2014,6.00,"에단 호크, 노아 테일러(Mr.로버트슨), 사라 스누크",97분,"마이클 스피어리그, 피터 스피어리그",7.672131147540983,61
88,118994,피치 퍼펙트: 언프리티 걸즈,2015,5.75,"안나 켄드릭(베카), 헤일리 스테인펠드(에밀리), 레벨 윌슨(팻 에이미)",114분,엘리자베스 뱅크스,8.37704918032787,61
89,123284,위자,-,2.0,"올리비아 쿡, 다렌 카가소프, 아나 코토",89분,스틸즈 화이트,6.859375,64
90,127364,기생수 파트2,Parasyte: Part 2,7.17,"소메타니 쇼타(이즈미 신이치), 아베 사다오(오른쪽이), 후카츠 에리(타미야 료코)",118분,야마자키 다카시,7.8,55
91,113230,위아영,2014,6.86,"벤 스틸러(조쉬), 나오미 왓츠(코넬리아), 아만다 사이프리드(다비)",97분,노아 바움백,7.875,48
92,125443,드래곤 블레이드: 천장웅사,Dragon Blade,4.33,"성룡(후오안), 존 쿠삭(루시우스), 애드리언 브로디(티베리우스)",133분,이인항,8.89655172413793,29
93,117786,나이트 크롤러,2014,7.31,제이크 질렌할(루이스 블룸),117분,댄 길로이,7.9655172413793105,29
94,135342,더 라스트: 나루토 더 무비,2014,-,"타케우치 준코(우즈마키 나루토 목소리), 나카무라 치에(하루노 사쿠라 목소리), 모리쿠보 쇼타로(나라 시카마루 목소리)",114분,코바야시 츠네오,8.976525821596244,213
95,133381,바다 탐험대 옥토넛 스페셜,2013,-,"하성용, 정재헌, 엄상현",70분,니키 팰런,7.529411764705882,68
96,124290,엘리노어 릭비: 그남자 그여자,2014,6.45,"제임스 맥어보이(코너 러들로), 제시카 차스테인(엘레노어 릭비)",122분,네드 벤슨,7.4423076923076925,52
97,109169,송 원,2014,5.56,"앤 해서웨이(프래니), 자니 플린(제임스), 메리 스틴버겐(프래니 엄마)",88분,케이트 베커 플로이랜드,6.148148148148148,27
98,124288,한 번 더 해피엔딩,-,4.94,"휴 그랜트, 마리사 토메이, 앨리슨 제니",106분,마크 로렌스,8.047619047619047,21
99,128265,약장수,2014,5.38,"김인권(일범), 박철민(철중), 이주실(옥님)",104분,조치언,8.73469387755102,49
100,115977,베테랑,2015,7.50,"황정민(서도철), 유아인(조태오), 유해진(최상무)",123분,류승완,9.25904317386231,3428
101,121048,암살,2015,6.57,"전지현(안옥윤), 이정재(염석진), 하정우(하와이 피스톨)",139분,최동훈,9.101088201603666,3492
102,121788,내부자들,2015,6.63,"이병헌(안상구), 조승우(우장훈), 백윤식(이강희)",130분,우민호,9.09490639965172,2297
103,121922,사도,-,7.54,"송강호, 유아인, 문근영",125분,이준익,8.389521640091116,1756
104,95541,미션 임파서블: 로그네이션,2015,7.54,"톰 크루즈(에단 헌트), 제레미 레너(윌리엄 브랜트), 사이먼 페그(벤지 던)",131분,크리스토퍼 맥쿼리,8.909564570152586,2687
105,120157,검은 사제들,2015,6.23,"김윤석(김신부), 강동원(최부제)",108분,장재현,8.584792396198099,1999
106,100647,히말라야,2015,5.63,"황정민(엄홍길), 정우(박무택)",124분,이석훈,8.94204081632653,1225
107,115622,인사이드 아웃,2015,7.88,"에이미 포엘러(조이/기쁨 목소리), 필리스 스미스(슬픔/새드니스 목소리), 민디 캘링(까칠/디스거스트 목소리)",102분,피트 닥터,9.113006396588487,938
108,129049,마션,2015,7.91,"맷 데이먼(마크 와트니), 제시카 차스테인(멜리사 루이스), 세바스찬 스탠(크리스 벡)",144분,리들리 스콧,8.774937343358395,1995
109,118917,인턴,2015,6.25,"앤 해서웨이(줄스 오스틴), 로버트 드 니로(벤 휘태커)",121분,낸시 마이어스,9.043558850787766,1079
110,69956,터미네이터 제니시스,2015,5.81,"아놀드 슈왈제네거(터미네이터), 제이슨 클락(존 코너), 에밀리아 클라크(사라 코너)",125분,앨런 테일러,8.12320916905444,1047
111,92064,앤트맨,-,7.09,"폴 러드, 마이클 더글라스, 에반젤린 릴리",117분,페이튼 리드,8.691348402182385,1283
112,100072,스타워즈: 깨어난 포스,2015,7.55,"데이지 리들리(레이), 존 보예가(핀), 오스카 아이삭(포 다메론)",135분,J.J. 에이브럼스,8.371521035598706,1545
113,129408,메이즈 러너: 스코치 트라이얼,2015,6.56,"딜런 오브라이언(토마스), 토마스 생스터(뉴트), 카야 스코델라리오(트리사)",132분,웨스 볼,8.46712802768166,867
114,124201,탐정 : 더 비기닝,2015,5.90,"권상우(강대만), 성동일(노태수)",120분,김정훈,8.682264150943396,1325
115,113351,미니언즈,-,5.63,"피에르 꼬팽, 마이클 키튼, 산드라 블록",91분,"카일 발다, 피에르 꼬팽",8.239776951672862,1614
116,129050,뷰티 인사이드,2015,5.47,"한효주(홍이수), 김대명(우진1), 도지한(우진18)",127분,백종열,8.1991341991342,693
117,99701,007 스펙터,2015,5.69,"다니엘 크레이그(제임스 본드), 레아 세이두(매들린 스완), 크리스토프 왈츠(오버하우서)",148분,샘 멘데스,7.629014396456257,903
118,134982,더 폰,2015,5.20,"손현주(고동호), 엄지원(조연수), 배성우(도재현)",114분,김봉주,7.918032786885246,488
119,127496,대호,The Tiger,7.08,최민식(천만덕),139분,박훈정,8.371273712737127,738
120,129051,성난 변호사,2015,6.65,"이선균(변호성), 김고은(진선민), 임원희(박사무장)",117분,허종호,8.564612326043738,503
121,134960,그놈이다,2015,6.67,"주원(장우), 유해진(민약국), 이유영(시은)",109분,윤준형,7.62,400
122,129406,미쓰 와이프,2015,6.17,"엄정화(연우), 송승헌(성환)",125분,강효진,8.727659574468085,470
123,122596,몬스터 호텔 2,2015,6.00,"아담 샌들러(드락 목소리), 셀레나 고메즈(마비스 목소리), 케빈 제임스(프랑켄슈타인 목소리)",89분,젠디 타타코브스키,8.66931216931217,1890
124,122984,손님,2015,6.66,"류승룡(우룡), 이성민(촌장), 천우희(미숙)",107분,김광태,6.850356294536817,421
125,114286,인시디어스 3,2015,4.63,"스테파니 스콧(퀸 브레너), 더모트 멀로니(션 브레너), 린 샤예(앨리스 레이니어)",97분,리 워넬,7.795031055900621,322
126,114225,하트 오브 더 씨,2015,6.45,"크리스 헴스워스(오웬 체이스), 킬리언 머피(매튜 조이), 벤 위쇼(허먼 멜빌)",121분,론 하워드,8.3125,240
127,100643,헝거게임 : 더 파이널,2015,6.60,"제니퍼 로렌스(캣니스 에버딘), 조쉬 허처슨(피타 멜라크), 리암 헴스워스(게일 호손)",137분,프란시스 로렌스,7.791479820627803,446
128,125421,픽셀,2015,5.00,"아담 샌들러(샘 브레너), 케빈 제임스(윌 쿠퍼), 미셸 모나한(바이올렛 반 패튼)",106분,크리스 콜럼버스,7.891304347826087,414
129,128258,열정같은소리하고있네,2015,5.47,"정재영(하재관), 박보영(도라희)",106분,정기훈,8.036036036036036,333
130,136007,특종: 량첸살인기,2015,6.57,"조정석(허무혁), 이미숙(백국장), 이하나(수진)",125분,노덕,8.25512528473804,439
131,125484,서부전선,2015,5.83,"설경구(남복), 여진구(영광)",112분,천성일,7.386533665835412,401
132,134845,극장판 요괴워치: 탄생의 비밀이다냥!,2014,5.00,"박경혜(민호), 김현지(지바냥), 홍범기(위스퍼)",97분,"타카하시 시게하루, 우시로 신지",8.865148861646235,571
133,134136,명탐정 코난 : 화염의 해바라기,Detective Conan: Sunflowers of Inferno,4.50,"김선혜(코난 목소리), 강수진(남도일 목소리), 신용우(괴도키드 목소리)",112분,시즈노 코분,8.637096774193548,372
134,98149,"협녀, 칼의 기억",2015,6.12,"이병헌(유백), 전도연(월소), 김고은(홍이)",121분,박흥식,6.151515151515151,264
135,114265,어린왕자,2015,7.25,"제프 브리지스(조종사 목소리), 레이첼 맥아담스(엄마 목소리), 매켄지 포이(소녀 목소리)",106분,마크 오스본,8.180925666199158,713
136,120141,오피스,Office,6.31,"고아성(이미례), 박성웅(종훈)",111분,홍원찬,7.033613445378151,238
137,118968,판타스틱 4,2015,2.50,"마일즈 텔러(리드 리차드 / 미스터 판타스틱), 케이트 마라(수잔 스톰 / 인비서블 우먼), 마이클 B. 조던(조니 스톰 / 휴먼 토치)",100분,조쉬 트랭크,5.763565891472868,258
138,143253,뽀로로 극장판 컴퓨터 왕국 대모험,Cyberspace Adventure,-,"이선(뽀로로 목소리), 이미자(크롱 목소리), 함수정(에디 목소리)",62분,박영균,8.8997668997669,429
139,130787,치외법권,2015,4.83,"임창정(이정진), 최다니엘(조유민)",104분,신재호,7.247058823529412,170
140,118952,에베레스트,2015,6.42,"제이슨 클락(롭 홀), 제이크 질렌할(스캇 피셔), 조슈 브롤린(벡 웨더스)",121분,발타자르 코루마쿠르,7.760162601626016,246
141,115520,극적인 하룻밤,2015,5.08,"윤계상(정훈), 한예리(시후), 박병은(준석)",107분,하기호,7.8559322033898304,118
142,140139,뮨: 달의 요정,2015,7.00,"조슈아 j. 발라드(뮨), 오마 사이(소혼), 트레버 드볼(소혼)",85분,"알렉상드르 헤보얀, 베노이트 필립폰",8.323529411764707,238
143,124013,도리화가,The Sound Of A Flower,5.44,"류승룡(신재효), 수지(진채선), 송새벽(김세종)",109분,이종필,7.923076923076923,182
144,129333,스파이 브릿지,2015,8.59,"톰 행크스(제임스 도노반), 마크 라이런스(루돌프 아벨), 오스틴 스토웰(프렌시스 게리 파워스)",141분,스티븐 스필버그,8.902702702702703,185
145,130765,함정,2015,3.00,"마동석(성철), 조한선(준식), 김민경(소연)",96분,권형진,6.43010752688172,186
146,125405,하늘을 걷는 남자,2015,7.38,"조셉 고든 레빗(펠리페 페팃), 벤 킹슬리(파파 루디), 샬롯 르 본(애니)",123분,로버트 저메키스,8.729591836734693,196
147,130786,조선마술사,2015,4.63,"유승호(환희), 고아라(청명)",122분,김대승,7.160621761658031,579
148,134134,괴물의 아이,The Boy and The Beast,7.20,"야쿠쇼 코지(쿠마테츠 목소리), 미야자키 아오이(큐타 (소년시절) 목소리), 소메타니 쇼타(큐타 (청년시절) 목소리)",119분,호소다 마모루,8.893203883495145,103
149,137010,포켓몬 더 무비 XY 후파: 광륜의 초마신,Pokemon the Movie XY: R...,-,"여민정(굴레에 빠진 후파 목소리), 이광수(굴레를 벗어난 후파 목소리), 이선호(지우 목소리)",80분,유야마 쿠니히코,8.790748898678414,454
150,119431,팬,-,5.0,"휴 잭맨, 가렛 헤드룬드, 루니 마라",111분,조 라이트,8.157894736842104,133
151,127375,더 셰프,2015,5.67,"브래들리 쿠퍼(아담 존스), 시에나 밀러(스위니), 오마 사이(미쉘)",101분,존 웰스,8.21875,160
152,129012,레전드,-,6.33,"톰 하디, 태런 애저튼, 에밀리 브라우닝",132분,브라이언 헬겔랜드,7.6347826086956525,115
153,117802,아메리칸 울트라,2015,6.33,"제시 아이젠버그(마이크 하웰), 크리스틴 스튜어트(피비), 코니 브리튼(빅토리아 라세터)",95분,니마 누리자데,7.220689655172414,145
154,130978,트랜스포터: 리퓰드,2015,3.50,"에드 스크레인(프랭크 마틴), 론 샤바놀(안나)",86분,카밀 들라마레,7.463157894736842,95
155,147001,내부자들: 디 오리지널,2015,-,"이병헌(안상구), 조승우(우장훈), 백윤식(이강희)",180분,우민호,9.05240706886045,1641
156,99748,스누피:더 피너츠 무비,2015,6.00,"빌 멜렌데즈(스누피 / 우드스톡 목소리), 노아 스납(찰리 브라운 목소리)",93분,스티브 마티노,7.867149758454106,414
157,127321,우먼 인 골드,2015,7.00,"헬렌 미렌(마리아 알트만), 라이언 레이놀즈(랜드 쉔베르크), 다니엘 브륄(유베르투스 체르닌)",109분,사이먼 커티스,9.0625,80
158,125466,시카리오: 암살자의 도시,2015,7.97,"에밀리 블런트(케이트 메이서), 베니시오 델 토로(알레한드로), 조슈 브롤린(맷 그레이버)",121분,드니 빌뇌브,8.0,78
159,140895,러브 라이브! 더 스쿨 아이돌 무비,LOVELIVE THE School idol Movie,-,"닛타 에미(코우사카 호노카), 난죠 요시노(아야세 에리), 우치다 아야(미나미 코토리)",99분,쿄고쿠 타카히코,9.361204013377927,299
160,136832,퇴마: 무녀굴,2015,5.17,"김성균(신진명), 유선(김금주), 천호진(강목사)",105분,김휘,7.868525896414343,251
161,134685,극장판 도라에몽: 진구의 우주영웅기~스페이스 히어로즈~,Doraemon The Movie: N...,5.67,"미즈타 와사비(도라에몽 목소리), 오오하라 메구미(노비타(진구) 목소리), 카카즈 유미(시즈카 목소리)",100분,오오스기 요시히로,8.666666666666666,48
162,132991,미라클 벨리에,The Belier Family,6.81,"루안 에머라(폴라 벨리에), 카린 비아르(지지 벨리에), 프랑수아 다미앙(로돌프 벨리에)",105분,에릭 라티고,8.825581395348838,86
163,118376,셀프/리스,2015,5.17,"라이언 레이놀즈(젊은 데미안), 매튜 구드(알브라이트), 벤 킹슬리(데미안)",117분,타셈 싱,7.945652173913044,92
164,90591,맨 프롬 UNCLE,2015,6.25,"헨리 카빌(나폴레옹 솔로), 아미 해머(일리야), 알리시아 비칸데르(개비 텔러)",116분,가이 리치,8.038461538461538,78
165,137991,프리덤,2014,-,"쿠바 구딩 쥬니어(사무엘), 베르나르드 포처(존 뉴턴), 윌리암 새들러(핌턴)",95분,피터 쿠센스,8.545454545454545,11
166,130733,돌연변이,2015,6.31,"이광수(구), 이천희(상원), 박보영(주진)",93분,권오광,7.467532467532467,77
167,135807,극장판 파워레인저 트레인포스 VS 다이노포스 THE MOVIE,-,-,"심규혁, 이인석, 강시현",60분,와타나베 카츠야,8.461538461538462,104
168,179150,맥베스,2017,-,"젤리코 루치치(맥베스), 안나 네트렙코(레이디 맥베스), 일데브란도 다르칸젤로(뱅쿠오)",181분,필리다 로이드,-,-
169,142010,더 매직: 리틀톰과 도둑공주,Tom Little and the Magic Mirror,7.00,"카를로스 블랑코(톰), 몬티 카스티네이라스(마법거울), 마리아 카스트로(공주)",78분,어네스토 파드롱,7.432098765432099,81
170,81967,사우스포,2015,5.33,"제이크 질렌할(빌리 호프), 레이첼 맥아담스(모린 호프), 우나 로렌스(레일라 호프)",124분,안톤 후쿠아,8.857142857142858,35
171,137973,갤로우즈,2015,3.33,"캐시디 지포드(캐시디 스플리커), 파이퍼 브라운(파이퍼 로즈), 라이언 슈즈(라이언 슈즈)",81분,"트래비스 클러프, 크리스 로핑",6.607142857142857,56
172,129164,숀더쉽,-,6.80,"저스틴 플레쳐, 존 스파크스, 오미드 다릴리",85분,"마크 버튼, 리처드 스타잭",8.358695652173912,92
173,140199,지금은맞고그때는틀리다,Wrong Then,8.45,"정재영(함춘수), 김민희(윤희정)",121분,홍상수,8.601895734597157,211
174,129016,쓰리 썸머 나잇,2014,-,"김동욱(명석), 임원희(달수), 손호준(해구)",106분,김상진,7.724137931034483,58
175,109626,러덜리스,2014,6.15,"빌리 크루덥(샘), 안톤 옐친(쿠엔틴)",105분,윌리암 H. 머시,8.741935483870968,62
176,114260,다크 플레이스,2015,6.00,"샤를리즈 테론(리비 데이), 니콜라스 홀트(라일), 클로이 모레츠(디온드라)",113분,질스 파겟-브레너,7.609756097560975,41
177,140711,보루토 - 나루토 더 무비,BORUTO -NARUTO THE MOVIE-,-,"산페이 유코(우즈마키 보루토 목소리), 키쿠치 코코로(우치하 사라다 목소리), 타케우치 준코(우즈마키 나루토 목소리)",95분,야마시타 히로유키,9.707792207792208,154
178,122469,히트맨: 에이전트 47,2015,5.50,"루퍼트 프렌드(에이전트 47), 한나 웨어(카디아), 재커리 퀸토(존 스미스)",98분,알렉산더 바흐,7.833333333333333,84
179,51055,아더와 미니모이3: 두 세계의 전쟁,Arthur And The Two Worlds War,-,"프레디 하이모어(아더), 셀레나 고메즈(셀레니아), 페니 밸포어(로즈)",101분,뤽 베송,8.326086956521738,46
180,140015,주온: 더 파이널,juon : the final,-,"타이라 아이리, 키리야마 렌",90분,오치아이 마사유키,5.155555555555556,45
181,123275,파더 앤 도터,2015,6.25,"아만다 사이프리드(케이티), 러셀 크로우(제이크 데이비스), 아론 폴(카메론)",91분,가브리엘 무치노,8.25925925925926,27
182,115296,대니 콜린스,2015,6.00,"알 파치노(대니 콜린스), 아네트 베닝(메리 싱클레어), 제니퍼 가너(사만다 레이 도넬리)",106분,댄 포겔맨,9.382716049382717,81
183,126386,고녀석 맛나겠다2 : 함께라서 행복해,You Are So Yummy - Happy to Be with You,4.67,"엄상현(미르 목소리), 시영준(제스타 목소리), 안장혁(발드 목소리)",80분,"최경석, 노나카 카즈미",8.35135135135135,111
184,120793,더 랍스터,2015,7.64,"콜린 파렐(데이비드), 레이첼 와이즈(근시 여인), 레아 세이두(외톨이 리더)",118분,요르고스 란티모스,8.524590163934427,122
185,133631,개구리왕국,-,6.00,"벨라 손, 카메론 달라스, 롭 슈나이더",77분,넬슨 신,7.314285714285714,35
186,142242,이웃집에 신이 산다,The Brand New Testament,6.21,"브누와 뽀엘부르드(디유), 욜랜드 모로(엄마), 까뜨린느 드뇌브(마틴)",115분,자코 반 도마엘,7.14,200
187,129086,더 비지트,2015,6.70,"올리비아 데종(베카), 에드 옥슨볼드(타일러)",94분,M. 나이트 샤말란,6.682926829268292,41
188,132610,바닷마을 다이어리,Our Little Sister,7.02,"아야세 하루카(코우다 사치), 나가사와 마사미(코우다 요시노), 카호(코우다 치카)",128분,고레에다 히로카즈,8.86896551724138,145
189,124240,미안해 사랑해 고마워,2014,4.00,"지진희(명환), 김성균(태영), 성유리(서정)",115분,전윤수,8.026315789473685,38
190,134954,비밀,-,4.81,"성동일, 손호준, 김유정",102분,"박은경, 이동하",7.0588235294117645,17
191,128392,라스트 위치 헌터,2015,4.00,"빈 디젤(코울더), 로즈 레슬리(클로이), 일라이저 우드(37대 돌란)",106분,브렉 에이즈너,7.407692307692308,130
192,130957,스트레이트 아웃 오브 컴턴,2015,7.08,"오셔 잭슨 주니어(아이스 큐브), 코리 호킨스(닥터 드레), 제이슨 밋첼(이지-E)",147분,F. 게리 그레이,8.854545454545455,110
193,95327,이스케이프,-,5.83,"오웬 윌슨 피어스, 브로스넌, 레이크 벨",103분,존 에릭 도들,8.206896551724139,29
194,111990,크림슨 피크,2015,6.29,"톰 히들스턴(토마스 샤프), 제시카 차스테인(루실 샤프), 미아 와시코브스카(이디스 쿠싱)",118분,기예르모 델 토로,7.239130434782608,92
195,130903,검사외전,2015,5.94,"황정민(변재욱), 강동원(한치원)",126분,이일형,8.632157581310123,6549
196,122527,캡틴 아메리카: 시빌 워,-,7.50,"크리스 에반스, 로버트 다우니 주니어",147분,"안소니 루소, 조 루소",8.996032112208177,10837
197,121051,곡성,-,8.18,"곽도원, 황정민, 쿠니무라 준",156분,나홍진,8.008699014111734,5173
198,130850,주토피아,2016,7.20,"지니퍼 굿윈(주디 홉스 목소리), 제이슨 베이트먼(닉 와일드 목소리), 샤키라(가젤 목소리)",108분,"바이론 하워드, 리치 무어",9.311522048364154,703
199,123519,아가씨,2016,7.68,"김민희(히데코), 김태리(숙희), 하정우(백작)",144분,박찬욱,7.559087204563977,3681
200,97692,쿵푸팬더3,2016,6.47,"잭 블랙(포 목소리), 안젤리나 졸리(타이그리스 목소리), 더스틴 호프만(시푸 목소리)",95분,"여인영, 알레산드로 칼로니",8.894853348090757,1807
201,135843,귀향,-,5.80,"강하나, 최리, 손숙",127분,조정래,9.521487351417251,3281
202,75426,데드풀,-,6.89,라이언 레이놀즈,106분,팀 밀러,8.60940536338904,2573
203,119430,엑스맨: 아포칼립스,2016,7.35,"제임스 맥어보이(찰스 자비에 교수 / 프로페서 X), 마이클 패스벤더(에릭 렌셔 / 마그네토), 제니퍼 로렌스(레이븐 다크홀름 / 미스틱)",143분,브라이언 싱어,8.295994328252393,2821
204,122489,정글북,-,7.02,"닐 세티, 빌 머레이, 스칼렛 요한슨",106분,존 파브로,8.67259056732741,1463
205,109960,배트맨 대 슈퍼맨: 저스티스의 시작,2016,5.95,"헨리 카빌(클락 켄트 / 슈퍼맨), 벤 애플렉(브루스 웨인 / 배트맨), 에이미 아담스(로이스 레인)",151분,잭 스나이더,7.34433962264151,2120
206,124212,레버넌트: 죽음에서 돌아온 자,2015,7.46,"레오나르도 디카프리오(휴 글래스), 톰 하디(존 피츠 제럴드), 도널 글리슨(앤드류 헨리)",156분,알레한드로 곤잘레스 이냐리투,8.009656652360515,932
207,114282,컨저링 2,2016,6.57,"베라 파미가(로레인), 패트릭 윌슨(에드), 프란카 포텐테(애니타)",134분,제임스 완,8.487762237762238,1144
208,115504,탐정 홍길동: 사라진 마을,2016,6.80,"이제훈(홍길동), 김성균(강성일)",125분,조성희,8.370217166494312,967
209,109910,굿 다이노,2015,6.22,"레이몬드 오초아(알로 목소리), 제프리 라이트(아빠 목소리), 프란시스 맥도맨드(엄마 목소리)",101분,피터 손,8.996168582375478,1305
210,143245,셜록: 유령신부,2015,6.50,"베네딕트 컴버배치(셜록 홈즈), 마틴 프리먼(존 왓슨)",115분,더글러스 맥키넌,7.442600276625173,1446
211,74866,인디펜던스 데이: 리써전스,2016,5.20,"빌 풀만(토마스 J. 휘트모어), 리암 헴스워스(제이크 모리슨), 제프 골드브럼(데이빗 레빈슨)",120분,롤랜드 에머리히,7.42015503875969,1290
212,124025,시간이탈자,2015,4.93,"임수정(윤정/소은), 조정석(지환), 이진욱(건우)",107분,곽재용,8.080204778156997,586
213,134899,동주,2015,7.50,"강하늘(윤동주), 박정민(송몽규), 김인우(고등형사)",110분,이준익,9.383582089552238,670
214,75006,워크래프트: 전쟁의 서막,2016,5.96,"트래비스 핌멜(안두인 로서), 벤 포스터(메디브), 폴라 패튼(가로나)",122분,던칸 존스,8.683649289099526,1688
215,130720,특별수사: 사형수의 편지,2015,5.20,"김명민(최필재), 김상호(권순태), 성동일(김판수)",120분,권종관,8.610481586402265,706
216,136686,오빠생각,-,5.66,"임시완, 고아성",124분,이한,8.72,500
217,140718,"날, 보러와요",2015,5.50,"강예원(강수아), 이상윤(나남수), 최진호(장원장)",91분,이철하,8.30791788856305,682
218,118967,갓 오브 이집트,2016,3.50,"제라드 버틀러(세트), 니콜라이 코스터 왈도(호루스), 브렌튼 스웨이츠(백)",126분,알렉스 프로야스,8.185185185185185,567
219,136893,좋아해줘,2015,6.40,"이미연(조경아), 최지우(함주란), 김주혁(정성찬)",123분,박현진,8.771289537712896,411
220,137915,미 비포 유,2016,5.00,"에밀리아 클라크(루이자), 샘 클라플린(윌)",110분,테아 샤록,8.81132075471698,636
221,127865,런던 해즈 폴른,2016,4.00,"제라드 버틀러(마이크 배닝), 아론 에크하트(벤자민 아서), 모건 프리먼(스피커 트럼불)",98분,바박 나자피,8.8125,272
222,133457,앵그리버드 더 무비,2016,6.00,"신동엽(척 한국어 목소리), 신용우(레드 한국어 목소리), 정영웅(밤 한국어 목소리)",97분,"클레이 케이티스, 퍼갈 레일리",8.435855263157896,608
223,62285,그날의 분위기,2015,5.31,"문채원(배수정), 유연석(김재현)",103분,조규장,8.022988505747126,348
224,124031,널 기다리며,2015,5.06,"심은경(희주), 윤제문(대영), 김성오(기범)",108분,모홍진,7.894859813084112,428
225,146560,싱 스트리트,2016,6.81,"페리다 월시-필로(코너), 루시 보인턴(라피나), 잭 레이너(브렌든)",106분,존 카니,9.097664543524417,471
226,120165,해어화,LOVE,5.62,"한효주(정소율), 유연석(김윤우), 천우희(서연희)",120분,박흥식,8.324675324675324,308
227,132998,계춘할망,2016,6.16,"윤여정(계춘), 김고은(혜지)",116분,창감독,8.732394366197184,355
228,136821,"로봇, 소리",2015,6.58,"이성민(해관 (아버지)), 이희준(진호), 이하늬(지연)",117분,이호재,8.542372881355933,354
229,136842,빅쇼트,2015,7.29,"크리스찬 베일(마이클 버리), 스티브 카렐(마크 바움), 라이언 고슬링(자레드 베넷)",130분,아담 맥케이,7.813008130081301,246
230,94195,헌츠맨: 윈터스 워,2016,4.95,"크리스 헴스워스(에릭), 샤를리즈 테론(이블 퀸), 에밀리 블런트(아이스 퀸)",113분,세딕 니콜라스 트로얀,7.586956521739131,368
231,107374,나를 잊지 말아요,2014,4.36,"정우성(연석원), 김하늘(김진영)",106분,이윤정,6.63903743315508,374
232,142691,나의 소녀시대,Our Times,6.80,"송운화(린전신), 왕대륙(쉬타이위), 이옥새(오우양)",134분,프랭키 첸,10.0,1
233,134856,클로버필드 10번지,2016,7.17,"메리 엘리자베스 윈스티드(미셸), 존 굿맨(하워드), 존 갤러거 주니어(에밋)",103분,댄 트라첸버그,7.333333333333333,291
234,101962,캐롤,2015,8.96,"케이트 블란쳇(캐롤 에어드), 루니 마라(테레즈), 카일 챈들러(하지 에어드)",118분,토드 헤인즈,8.706161137440759,422
235,136687,위대한 소원,2016,5.00,"류덕환(고환), 김동영(남준), 안재홍(갑덕)",93분,남대중,8.296610169491526,236
236,129072,스포트라이트,2015,7.94,"마크 러팔로(마이크 레젠데스), 레이첼 맥아담스(샤샤 파이퍼), 마이클 키튼(월터 로빈슨)",129분,토마스 맥카시,8.788079470198676,151
237,127866,구스범스,-,6.50,"잭 블랙, 딜런 미네트, 오데야 러쉬",103분,롭 레터맨,8.482758620689655,203
238,122473,포인트 브레이크,2015,4.00,"루크 브레이시(조니 유타), 에드가 라미레즈(보디), 테레사 팔머(삼사라)",114분,에릭슨 코어,8.375,208
239,113301,앨빈과 슈퍼밴드: 악동 어드벤처,2015,3.50,"저스틴 롱(앨빈 목소리), 제이슨 리(데이브), 매튜 그레이 구블러(사이먼 목소리)",92분,월트 베커,8.422360248447205,322
240,149645,극장판 안녕 자두야,2016,-,"여민정(자두 목소리), 양정화(엄마 목소리)",75분,손석우,8.12015503875969,516
241,139700,굿바이 싱글,2016,5.97,"김혜수(주연), 마동석(평구), 김현수(단지)",119분,김태곤,8.427209705372617,1154
242,125802,비밀은 없다,2015,6.96,"손예진(김연홍), 김주혁(김종찬)",102분,이경미,6.494773519163763,287
243,136899,사냥,-,5.05,"안성기, 조진웅, 한예리",93분,이우철,5.964285714285714,616
244,137908,닌자터틀 : 어둠의 히어로,2016,5.00,"메간 폭스(에이프릴 오닐), 스티븐 아멜(케이시 존스), 로라 리니(레베카 빈센트)",112분,데이브 그린,7.897163120567376,282
245,139674,순정,2015,5.50,"디오(범실), 김소현(수옥), 연준석(산돌)",113분,이은희,9.085714285714285,175
246,136876,독수리 에디,2016,6.75,"태런 에저튼(에디), 휴 잭맨(브론슨 피어리), 크리스토퍼 월켄(워렌 샤프)",106분,덱스터 플레처,8.947136563876652,227
247,122133,남과 여,2015,6.00,"전도연(상민), 공유(기홍)",115분,이윤기,7.878612716763006,173
248,137281,짱구는 못말려 극장판: 나의 이사 이야기 선인장 대습격,Crayon Shin-Chan: M...,-,"야지마 아키코, 후지와라 케이지, 나라하시 미키",104분,하시모토 마사카즈,8.905172413793103,232
249,121061,글로리데이,2015,5.75,"지수(용비), 수호(상우), 류준열(지공)",93분,최정열,8.285714285714286,168
250,133496,부활,2016,6.00,"조셉 파인즈(클라비우스), 톰 펠튼(루시우스), 클리프 커티스(예슈아)",107분,케빈 레이놀즈,9.053571428571429,112
251,125458,조이,2015,6.17,"제니퍼 로렌스(조이), 브래들리 쿠퍼(닐 워커), 로버트 드 니로(루디)",124분,데이비드 O. 러셀,7.8343558282208585,163
252,136824,대배우,2015,5.54,"오달수(장성필), 윤제문(설강식), 이경영(깐느 박)",108분,석민우,7.553719008264463,121
253,148655,매직브러시,2016,5.00,"김서영(히로 목소리), 김경희(하나 목소리), 박상훈(흑장군 목소리)",80분,쯔씽 쫑,7.788732394366197,284
254,137709,미스컨덕트,2016,3.67,"알 파치노(애브람스), 안소니 홉킨스(데닝), 조쉬 더하멜(벤)",105분,시모사와 신타로,6.344444444444444,90
255,120791,레전드 오브 타잔,2016,5.25,"알렉산더 스카스가드(타잔/존 클레이튼), 사무엘 L. 잭슨(윌리엄스), 마고 로비(제인 포터)",109분,데이빗 예이츠,8.108219178082193,730
256,140265,13시간,2016,5.50,"존 크래신스키(잭 실바), 제임스 뱃지 데일(타이론 론 우즈), 맥스 마티니(마크 오즈 자이스트)",144분,마이클 베이,8.658227848101266,79
257,134135,극장판 아이엠스타 : 꿈의 오디션!,-,-,"정혜원, 이용신, 김채하",89분,야노 유이치로,-,-
258,125444,제5침공,-,-,"클로이 모레츠, 닉 로빈슨, 알렉스 로",112분,J 블레이크슨,6.350574712643678,174
259,51787,대니쉬 걸,2015,6.97,"에디 레드메인(에이나르 베게너 / 릴리 엘베), 알리시아 비칸데르(게르다 베게너), 앰버 허드(울라 폴슨)",119분,톰 후퍼,8.899497487437186,199
260,145336,극장판 꼬마버스 타요의 에이스 구출작전,2015,-,"문남숙(타요 목소리), 정혜옥(두리 목소리), 최하나(하나 목소리)",48분,류정우,9.11111111111111,18
261,124238,헤이트풀8,2015,8.50,"사무엘 L. 잭슨(현상금 사냥꾼), 커트 러셀(교수형 집행인), 제니퍼 제이슨 리(여죄수)",167분,쿠엔틴 타란티노,8.166666666666666,6
262,145376,최강전사 미니특공대 : 영웅의 탄생,2015,-,[국내] 전체 관람가,68분,이영준,8.46938775510204,196
263,148608,다이노소어 어드벤처: 백악기 공룡대백과,2015,5.00,[국내] 전체 관람가,84분,"닐 나이팅게일, 베리 쿡, 앤드류 코헨",7.244131455399061,213
264,119453,다이버전트 시리즈: 얼리전트,2016,4.50,"쉐일린 우들리(트리스), 테오 제임스(포), 마일즈 텔러(피터)",121분,로베르트 슈벤트케,8.335766423357665,137
265,144310,무서운 이야기 3 : 화성에서 온 소녀,2016,6.00,"임슬옹(이생), 경수진(수진), 박정민(동근)",94분,"김곡, 김선, 백승빈",5.647058823529412,136
266,147047,일사각오,2016,-,"이지형(주기철), 설지윤(오정모), 최원(소년 주광조)",115분,권혁만,9.6,5
267,172751,크리미널: 해튼가든,2018,-,"마이클 케인(브라이언), 짐 브로드벤트(테리 퍼킨스), 톰 커트니(존 케니 콜린스)",108분,제임스 마쉬,-,-
268,139438,유스,Youth,7.34,"마이클 케인(프레드 밸린저), 하비 케이틀(믹 보일), 레이첼 와이즈(레나 벨린저)",124분,파올로 소렌티노,8.533333333333333,105
269,139613,오베라는 남자,A man called Ove,6.86,"롤프 라스가드(오베), 바하르 파르스(파르바네), 필립 버그(젊은 오베)",116분,하네스 홀름,9.130952380952381,84
270,148620,다이노X 탐험대,2015,-,"정준하(공룡 타르보), 하하(탐험대 가이드)",70분,이동희,7.15483870967742,310
271,129331,오 마이 그랜파,2016,4.65,"로버트 드 니로(딕 켈리), 잭 에프론(제이슨 켈리), 줄리안 허프(메러디스)",100분,댄 마저,8.201754385964913,114
272,173484,룸싸롱 맛있는 서비스,2018,-,[국내] 청소년 관람불가,66분,조태호,-,-
273,128273,엽기적인 그녀 2,My New Sassy Girl,3.50,"차태현(견우), 빅토리아(그녀)",99분,조근식,5.87037037037037,54
274,126078,본 투 비 블루,2015,7.13,"에단 호크(쳇 베이커), 카르멘 에조고(제인/일레인), 칼럼 키스 레니(딕)",97분,로버트 뷔드로,8.595505617977528,89
275,179683,번개맨의 비밀,2018,-,"서홍석(번개맨), 김혜원(번개걸/제나), 유수호(마리오/소방서장)",69분,강유선,8.721153846153847,104
276,130757,스티브 잡스,2015,6.40,"마이클 패스벤더(스티브 잡스), 케이트 윈슬렛(조안나 호프만), 세스 로건(스티브 워즈니악)",122분,대니 보일,7.865853658536586,82
277,73462,레터스 투 갓,2010,3.00,"태너 맥과이어(타일러), 제프리 존슨(브래디 맥다니엘스), 로빈 리블리(매디 도허티)",114분,"데이빗 닉슨, 패트릭 더그티",9.3,10
278,147355,바다 탐험대 옥토넛 시즌4: 빙하탐험선S,2015,-,"하성용(바나클 목소리), 정재헌(콰지 목소리), 엄상현(페이소, 트래커 목소리)",58분,다라 오코넬,7.775862068965517,232
279,130983,트럼보,2015,7.60,"브라이언 크랜스톤(달튼 트럼보), 다이안 레인(클레오 트럼보), 헬렌 미렌(헤다 호퍼)",124분,제이 로치,8.64102564102564,39
280,149576,바다 탐험대 옥토넛 시즌4: 아슬아슬 구조대작전,2015,-,"하성용(바나클), 정재헌(콰지), 엄상현(페이소)",68분,다라 오코넬,8.451612903225806,155
281,149576,바다 탐험대 옥토넛 시즌4: 아슬아슬 구조대작전,2015,-,"하성용(바나클), 정재헌(콰지), 엄상현(페이소)",68분,다라 오코넬,8.451612903225806,155
282,148656,극장판 프랭키와 친구들: 생명의 나무,2016,-,"이소은, 안영미, 김민정",72분,박정오,8.782608695652174,69
283,114237,드레스메이커,2015,6.40,"케이트 윈슬렛(틸리), 주디 데이비스(몰리), 리암 헴스워스(테디)",118분,조셀린 무어하우스,8.0,1
284,111954,파라노말 액티비티: 더 고스트 디멘션,2015,3.00,"크리스 J. 머레이(라이언), 브릿 쇼(에밀리), 아이비 조지(레일라)",88분,그레고리 플로킨,6.55,40
285,140011,잡아야 산다,2015,3.00,"김승우(김승주), 김정태(도정택), 혁(한원태)",96분,오인천,6.977777777777778,45
286,130966,부산행,2016,7.10,"공유(석우), 정유미(성경), 마동석(상화)",118분,연상호,8.546636279226808,11847
287,137952,밀정,2016,7.50,"송강호(이정출), 공유(김우진)",140분,김지운,8.578849289541113,4293
288,141104,터널,2016,7.21,"하정우(정수), 배두나(세현), 오달수(대경)",126분,김성훈,8.660829649778988,5882
289,142822,인천상륙작전,2016,3.41,"이정재(장학수), 이범수(림계진), 리암 니슨(맥아더 장군)",110분,이재한,8.570277390361072,6453
290,140695,럭키,2015,5.68,"유해진(형욱), 이준(재성), 조윤희(리나)",112분,이계벽,8.826053442959918,3892
291,94767,덕혜옹주,2016,5.95,"손예진(덕혜옹주), 박해일(김장한)",127분,허진호,8.859929078014185,3948
292,125459,닥터 스트레인지,2016,7.03,"베네딕트 컴버배치(닥터 스트레인지), 레이첼 맥아담스(크리스틴 팔머), 틸다 스윈튼(에인션트 원)",115분,스콧 데릭슨,8.949522226838388,4814
293,145162,마스터,2016,5.77,"이병헌(진회장), 강동원(김재명), 김우빈(박장군)",143분,조의석,8.686219739292365,5370
294,115642,신비한 동물사전,2016,7.08,"에디 레드메인(뉴트 스캐맨더), 콜린 파렐(퍼시발 그레이브스), 캐서린 워터스턴(티나 골드스틴)",132분,데이빗 예이츠,8.768924302788845,3263
295,132933,판도라,2016,5.92,"김남길(재혁), 김주현(연주), 정진영(평섭)",136분,박정우,8.914615770969363,1991
296,113344,나우 유 씨 미 2,2016,5.34,"제시 아이젠버그(J. 다니엘 아틀라스), 마크 러팔로(딜런 로즈), 우디 해럴슨(메리트 맥키니)",129분,존 추,8.588807785888077,2055
297,142803,형,2016,4.55,"조정석(고두식), 디오(고두영), 박신혜(이수현)",110분,권수경,9.011034482758621,1450
298,129383,미스 페레그린과 이상한 아이들의 집,2016,7.08,"에바 그린(페레그린), 에이사 버터필드(제이크), 사무엘 L. 잭슨(바론)",127분,팀 버튼,8.592145015105741,1655
299,144968,제이슨 본,2016,5.97,"맷 데이먼(제이슨 본), 알리시아 비칸데르(헤더 리), 뱅상 카셀",123분,폴 그린그래스,8.411099949773982,3982
300,97629,도리를 찾아서,2016,6.52,"엘런 드제너러스(도리 목소리), 앨버트 브룩스(말린 목소리), 에드 오닐(행크 목소리)",97분,앤드류 스탠튼,8.69192200557103,1795
301,44913,아수라,Asura : The City of Madness,6.56,"정우성(한도경), 황정민(박성배), 주지훈(문선모)",132분,김성수,6.558953033268102,4088
302,180374,마이펫의 이중생활2,2019,6.00,"패튼 오스왈트(맥스 목소리), 케빈 하트(스노우볼 목소리), 제니 슬레이트(기젯 목소리)",85분,크리스 리노드,9.080555555555556,360
303,134963,라라랜드,2016,8.34,"라이언 고슬링(세바스찬), 엠마 스톤(미아)",127분,데이미언 셔젤,8.868760064412239,1242
304,134895,봉이 김선달,2016,5.14,"유승호(김인홍), 조재현(성대련), 고창석(보원)",121분,박대민,8.31781557743957,1117
305,126032,수어사이드 스쿼드,2016,5.15,"윌 스미스(플로이드 로턴 / 데드샷), 자레드 레토(조커), 마고 로비(할린 퀸젤 / 할리퀸)",122분,데이비드 에이어,7.6155837432047635,3863
306,10058,벤허,1959,8.75,"찰톤 헤스톤(유다 벤허), 잭 호킨스(퀸투스 아리우스), 하야 하라릿(에스더)",222분,윌리엄 와일러,9.0,1
307,125414,스타트렉 비욘드,2016,7.10,"크리스 파인(커크), 사이먼 페그(스코티), 조 샐다나(우후라)",122분,저스틴 린,8.41340782122905,895
308,142625,미씽: 사라진 여자,2016,6.72,"엄지원(지선), 공효진(한매)",100분,이언희,8.590727418065548,1251
309,145292,"당신, 거기 있어줄래요",2016,5.44,"김윤석(수현), 변요한(젊은수현), 채서진(젊은연아)",111분,홍지영,8.872954764196342,1039
310,144918,라이트 아웃,2016,-,"테레사 팔머(레베카), 앨리시아 벨라 베일리(다이애나), 가브리엘 베이트먼(마틴)",81분,데이비드 F. 샌드버그,7.713203463203463,924
311,125433,씨 오브 트리스,2015,5.25,"매튜 맥커너히(아서 브래넌), 나오미 왓츠(조안 브래넌)",110분,구스 반 산트,6.333333333333333,3
312,144944,맨 인 더 다크,2016,7.04,"제인 레비(록키), 딜런 미네트(알렉스), 스티븐 랭(눈 먼 노인)",88분,페데 알바레즈,8.46183800623053,1284
313,133129,"고산자, 대동여지도",大東輿地圖,5.78,"차승원(김정호), 유준상(흥선대원군)",129분,강우석,8.239467849223947,451
314,136835,매그니피센트 7,2016,5.79,"덴젤 워싱턴(샘 치좀), 크리스 프랫(조슈아 패러데이), 이병헌(빌리 락스)",133분,안톤 후쿠아,8.081967213114755,1525
315,143456,브리짓 존스의 베이비,2016,5.63,"르네 젤위거(브리짓 존스), 콜린 퍼스(마크 다시), 패트릭 뎀시(잭 퀀트)",123분,샤론 맥과이어,9.161118508655127,751
316,146512,스플릿,2016,6.38,"유지태(철종), 이정현(희진), 이다윗(영훈)",121분,최국희,9.247206703910615,716
317,141824,국가대표2,2016,5.50,"수애(리지원), 오달수(강대웅), 오연서(박채경)",126분,김종현,8.880952380952381,882
318,129461,인페르노,2016,4.67,"톰 행크스(로버트 랭던), 펠리시티 존스(시에나 브룩스), 벤 포스터(베르트랑 조브리스트)",121분,론 하워드,8.2,610
319,143495,설리: 허드슨강의 기적,2016,7.75,"톰 행크스(체슬리 설리 설렌버거 ), 로라 리니(로리 설렌버거), 아론 에크하트(제프 스카일스)",96분,클린트 이스트우드,8.907035175879397,398
320,119412,잭 리처: 네버 고 백,2016,4.88,"톰 크루즈(잭 리처), 코비 스멀더스(수잔 터너)",118분,에드워드 즈윅,8.190140845070422,426
321,136868,로그 원: 스타워즈 스토리,2016,7.16,"펠리시티 존스(진 어소), 디에고 루나(카시안 안도르), 매즈 미켈슨(겔렌 어소)",133분,가렛 에드워즈,8.38107869142352,1131
322,127378,아이스 에이지: 지구 대충돌,2016,6.00,"존 레귀자모(시드 목소리), 레이 로마노(매니 목소리), 제니퍼 로페즈(쉬라 목소리)",94분,마이크 트메이어,8.163934426229508,610
323,130987,메카닉: 리크루트,2016,5.25,"제이슨 스타뎀(비숍), 제시카 알바(지나), 토미 리 존스(아담스)",98분,데니스 간젤,7.5,8
324,134873,고스트버스터즈,-,6.58,"멜리사 맥카시(애비), 크리스틴 위그(에린), 케이트 맥키넌(홀츠먼)",116분,폴 페이그,8.416058394160585,685
325,118953,거울나라의 앨리스,2016,5.75,"조니 뎁(모자 장수), 앤 해서웨이(하얀 여왕), 미아 와시코브스카(앨리스)",112분,제임스 보빈,8.622535211267605,355
326,141259,가려진 시간,2016,6.68,"강동원(성민), 신은수(수린), 이효제(어린 성민)",129분,엄태화,8.191629955947137,454
327,149049,명탐정 코난: 순흑의 악몽,Detective Conan: The Darkest Nightmare,7.00,"김선혜(코난 한국어 목소리), 강수진(남도일 한국어 목소리), 이정구(유명한 한국어 목소리)",112분,시즈노 코분,9.04263959390863,985
328,144943,언더 워터,-,7.25,블레이크 라이블리,86분,자움 콜렛 세라,8.227513227513228,378
329,140647,위자 : 저주의 시작,2016,4.50,"엘리자베스 리저(앨리스 잰더), 애너리즈 바쏘(리나 잰더), 룰루 윌슨(도리스 잰더)",99분,마이크 플래너건,7.777292576419214,229
330,137884,극장판 요괴워치: 염라대왕과 5개의 이야기다냥!,Yo-Kai Watch the Movie 2,6.00,"박경혜(민호 한국어 목소리), 홍범기(위스퍼 한국어 목소리), 김현지(지바냥 한국어 목소리)",94분,"타카하시 시게하루, 우시로 신지",8.569124423963133,434
331,144945,아기배달부 스토크,2016,7.00,"앤디 샘버그(주니어 목소리), 케이티 크라운(튤립 목소리), 켈시 그래머(헌터 목소리)",87분,"니콜라스 스톨러, 더그 스윗랜드",8.825657894736842,304
332,145335,혼숨,2016,4.33,"류덕환(야광), 조복래(박PD)",90분,이두환,6.314741035856573,251
333,133447,드림 쏭,2016,7.00,"엄상현(버디 목소리), 이장원(캄파 목소리), 이현(앵거스 목소리)",89분,애쉬 브래넌,8.5375,320
334,152265,포켓몬 더 무비 XY&Z 「볼케니온 : 기계왕국의 비밀」,Poke...,-,"이장원(볼케니온 목소리), 테라사키 유카(마기아나 목소리), 이선호(지우 목소리)",95분,유야마 쿠니히코,8.811563169164883,467
335,146214,원피스 필름 골드,2016,6.78,"타나카 마유미(몽키 D. 루피 목소리), 나카이 카즈야(조로 목소리), 오카무라 아케미(나미 목소리)",120분,미야모토 히로아키,9.170673076923077,416
336,140693,아이 엠 어 히어로,I am a Hero,5.83,"오오이즈미 요(히데오), 나가사와 마사미(야부), 아리무라 카스미(히로미)",127분,사토 신스케,7.473684210526316,19
337,152183,"무현, 두 도시 이야기",Tale of Two Cities,6.00,"노무현(본인), 김원명(본인), 김하연(본인)",124분,전인환,9.565400843881857,237
338,-,빅,-,-,-,-,-,-,-
339,152169,달빛궁궐,2016,5.00,"김서영(현주리 목소리), 이하늬(매화부인 목소리), 권율(원 목소리)",80분,김현주,8.25974025974026,154
340,122195,서울역,2016,6.92,"류승룡(석규), 심은경(혜선), 이준(기웅)",93분,연상호,5.224334600760456,263
341,93929,장난감이 살아있다,Foosball,5.00,"남도형(제이크 한국어 목소리), 김채하(클라라 한국어 목소리), 김태균(캐스터/트윈 한국어 목소리)",91분,후안 호세 캄파넬라,8.08860759493671,79
342,136845,플로렌스,2016,6.64,"메릴 스트립(플로렌스), 휴 그랜트(베이필드), 사이몬 헬버그(맥문)",111분,스티븐 프리어즈,8.869565217391305,184
343,147834,로빈슨 크루소,2016,7.00,"유리 로웬탈(로빈슨 크루소), 데이비드 호워드(튜즈데이), 콜린 메츠거(카멜로)",90분,"벤 스타센, 빈센트 케스텔루트",8.439024390243903,82
344,146534,자백,2016,7.67,"최승호(본인), 김기춘(본인), 원세훈(본인)",106분,최승호,9.58085808580858,303
345,136870,카페 소사이어티,2016,6.77,"제시 아이젠버그(바비), 크리스틴 스튜어트(보니), 블레이크 라이블리(베로니카)",96분,우디 앨런,8.178082191780822,219
346,137340,마이 리틀 자이언트,2016,7.45,"마크 라이런스(거인), 루비 반힐(소피), 레베카 홀(메리)",117분,스티븐 스필버그,-,-
347,146508,죽여주는 여자,2016,6.94,"윤여정(소영), 전무송(재우), 윤계상(도훈)",111분,이재용,8.457943925233645,107
348,144355,감바의 대모험,Gamba,5.00,"카지 유우키(감바 목소리), 칸다 사야카(쇼지 목소리), 타카기 와타루(만푸쿠 목소리)",90분,"카와무라 토모히로, 코모리 요시히로",8.738636363636363,88
349,134847,피터와 드래곤,2016,7.00,"브라이스 달라스 하워드(그레이스), 오크스 페글리(피터), 웨스 벤틀리(잭)",103분,데이빗 로워리,8.415254237288135,118
350,152160,킹 오브 프리즘,-,-,"카키하라 테츠야, 마에노 토모아키, 마스다 토시키",60분,히시다 마사카즈,9.692307692307692,26
351,137921,바스티유 데이,2016,5.50,"이드리스 엘바(션 브라이어), 리차드 매든(마이클 메이슨 ), 샬롯 르 본(조이 네빌 )",92분,제임스 왓킨스,8.342465753424657,73
352,145804,걷기왕,2016,6.07,"심은경(만복), 박주희(수지)",93분,백승화,8.641304347826088,92
353,146311,나의 산티아고,I'm Off Then,6.00,"데비드 스트리에소브(하페 케르켈링), 마르티나 게덱(스텔라), 카롤리네 슈허(레나)",92분,줄리아 폰 하인츠,8.393258426966293,89
354,146548,태풍이 지나가고,After the Storm,7.07,"아베 히로시(료타), 키키 키린(요시코), 마키 요코(쿄코)",117분,고레에다 히로카즈,8.666666666666666,312
355,153951,루돌프와 많이있어,Rudolf The Black Cat,6.38,"김율(루돌프 목소리 역), 신용우(많이있어 목소리 역), 홍범기(부치 목소리 역)",89분,"유야마 쿠니히코, 사카키바라 모토노리",8.894080996884735,321
356,131576,슈퍼 프렌즈,2015,6.00,"변현우(샘 한국어 목소리), 김지혜(수 한국어 목소리), 박조호(빅터 목소리)",82분,"이경호, 이원재",8.866071428571429,224
357,142689,최악의 하루,2016,6.90,"한예리(은희), 이와세 료(료헤이), 권율(현오)",93분,김종관,8.394736842105264,114
358,137971,로스트 인 더스트,2016,8.10,"크리스 파인(토비 하워드), 벤 포스터(태너 하워드), 제프 브리지스(마커스 해밀턴)",103분,데이빗 맥킨지,8.333333333333334,90
359,140803,하이큐!! 끝과 시작,HAIKYU!!The movie-The End and the Beginning,-,"무라세 아유무(히나타 쇼요 목소리), 이시카와 카이토(카게야마 토비오 목소리), 히노 사토시(사와무라 다이치 목소리)",89분,미츠나카 스스무,9.196078431372548,306
360,137887,언더월드: 블러드 워,2016,4.75,"케이트 베킨세일(셀린느), 테오 제임스(데이빗), 토비어스 멘지스(마리우스)",91분,안나 포에스터,-,-
361,149505,바다 탐험대 옥토넛 시즌4: 늪지탐험선K,2015,-,"하성용(바나클), 정재헌(콰지), 엄상현(페이소)",57분,다라 오코넬,8.575268817204302,186
362,150632,세상에서 고양이가 사라진다면,If Cats Disappeared From the World,5.90,"사토 타케루(나/의문의 존재), 미야자키 아오이(첫사랑 그녀)",103분,나가이 아키라,9.466666666666667,15
363,134859,어카운턴트,2016,4.00,"벤 애플렉(크리스찬 울프), 안나 켄드릭(다나 커밍스), J.K. 시몬스(레이 킹)",127분,게빈 오코너,8.1,70
364,127361,이퀄스,2015,6.79,"크리스틴 스튜어트(니아), 니콜라스 홀트(사일러스)",101분,드레이크 도리머스,8.10062893081761,159
365,145318,아이엠스타 뮤직어워드,Aikatsu! Mus...,4.67,"정유정(하늘 목소리), 김새해(리라 목소리), 김영은(희나 목소리)",56분,와타다 신야,7.730263157894737,152
366,140730,올레,2016,4.42,"신하균(중필), 박희순(수탁), 오만석(은동)",103분,채두병,8.603174603174603,126
367,149516,리틀메딕: 몸속탐험대,The Little Medic: Secr...,-,[국내] 전체 관람가,75분,피터 클라릿지,8.173913043478262,69
368,130117,선생님의 일기,The Teacher's Diary,6.20,"레일라 분야삭(앤), 비 스크릿 위셋케우 (송)",110분,니티왓 다라톤,9.0,1
369,133424,데몰리션,2015,6.78,"제이크 질렌할(데이비스), 나오미 왓츠(캐런), 크리스 쿠퍼(필)",100분,장 마크 발레,8.258064516129032,93
370,146944,극장판 파워레인저: 닌자포스 VS 트레인포스 닌자 인 원더랜드,手裏剣戦隊ニンニンジャーVSトッキュウジャー THE MOVIE 忍者・イン・ワンダーラン...,-,"니시카와 슌스케(타카하루 이가사키), 마츠모토 가쿠(야쿠모 클라우드 카토우), 나카무라 카이토(나기 마츠오)",60분,나카자와 쇼지로,8.42,100
371,154366,두 남자,2016,5.44,"마동석(형석), 최민호(진일)",91분,이성태,7.733333333333333,90
372,141675,극장판 도라에몽:신 진구의 버스 오브 재팬,DORAEMON THE MOVIE: NOBITA AND THE BIRTH...,-,"채민지(도라에몽 목소리), 김정아(진구 목소리), 최낙윤(퉁퉁이 목소리)",103분,야쿠와 신노스케,8.975806451612904,124
373,154133,백설공주:사라진 아빠를 찾아서,2015,-,"이제인(백설공주 목소리), 사문영(한나 목소리), 박상훈(로바 목소리)",76분,벤 차오,7.565217391304348,46
374,149174,그물,2016,7.25,"류승범(남철우), 이원근(오진우), 김영민(조사관)",114분,김기덕,8.27659574468085,94
375,154347,순종,2016,5.00,"김영화(선교사), 김은혜(선교사), 한성국(선교사)",88분,"김동민, 이주훈",9.636363636363637,11
376,150376,"나, 다니엘 블레이크",Daniel Blake,8.40,"데이브 존스(다니엘), 헤일리 스콰이어(케이티)",100분,켄 로치,9.352941176470589,102
377,142384,공조,Confidential Assignment,5.00,"현빈(임철령), 유해진(강진태), 김주혁(차기성)",125분,김성훈,8.890845070422536,1988
378,144314,더 킹,2016,6.83,"조인성(박태수), 정우성(한강식), 배성우(양동철)",134분,한재림,8.51175917215428,3189
379,136872,미녀와 야수,2017,7.00,"엠마 왓슨(벨), 댄 스티븐스(야수/왕자), 루크 에반스(개스톤)",129분,빌 콘돈,9.115556882651537,3349
380,140731,분노의 질주: 더 익스트림,2017,6.00,"빈 디젤(도미닉 토레토), 드웨인 존슨(루크 홉스), 샤를리즈 테론(사이퍼)",136분,F. 게리 그레이,9.31884765625,2048
381,120160,미이라,2017,5.71,"톰 크루즈(닉 모튼), 소피아 부텔라(아마네트), 애나벨 월리스(제니 할시)",110분,알렉스 커츠만,7.626346313173157,1207
382,150198,너의 이름은.,your name.,7.55,"카미키 류노스케(타치바나 타키 목소리), 카미시라이시 모네(미야미즈 미츠하 목소리)",106분,신카이 마코토,9.215101193565127,3854
383,82473,캐리비안의 해적: 죽은 자는 말이 없다,2017,5.20,"조니 뎁(잭 스패로우), 하비에르 바르뎀(살라자르), 제프리 러쉬(헥터 바르보사)",129분,"요아킴 뢰닝, 에스펜 잔드베르크",8.604651162790697,860
384,146517,프리즌,2016,6.00,"한석규(정익호), 김래원(송유건), 강신일(노국장)",125분,나현,8.341040462427745,2076
385,127398,가디언즈 오브 갤럭시 VOL. 2,2017,6.25,"크리스 프랫(스타로드/피터 제이슨 퀼), 조 샐다나(가모라), 데이브 바티스타(드랙스/아서 더글라스)",136분,제임스 건,9.062323745064862,3546
386,146524,보안관,2016,5.89,"이성민(대호), 조진웅(종진), 김성균(덕만)",115분,김형주,8.391095591444785,2291
387,127382,조작된 도시,2017,5.22,"지창욱(권유), 심은경(여울), 안재홍(데몰리션)",126분,배종,8.58047646717025,1721
388,129094,보스 베이비,2017,5.20,알렉 볼드윈(보스 베이비 목소리),97분,톰 맥그라스,8.871711594673595,3079
389,149512,재심,2016,6.00,"정우(이준영), 강하늘(조현우), 김해숙(순임)",119분,김태윤,8.796284433055733,1561
390,130849,모아나,2016,6.40,"아우이 크라발호(모아나 목소리), 드웨인 존슨(마우이 목소리), 레이첼 하우스(탈라 할머니 목소리)",113분,"론 클레멘츠, 존 머스커",9.24909090909091,1650
391,125473,원더 우먼,-,6.7,"갤 가돗, 크리스 파인",141분,패티 젠킨스,8.388947927736451,941
392,156083,겟 아웃,2017,7.14,"다니엘 칼루야(크리스 워싱턴), 앨리슨 윌리암스(로즈 아미티지), 브래드리 휘트포드(딘 아미타지)",104분,조던 필,8.555189456342669,607
393,123630,트랜스포머: 최후의 기사,2017,2.83,"마크 월버그(케이드 예거), 안소니 홉킨스(에드먼드 버튼), 로라 하드독(비비안 웸블리)",151분,마이클 베이,6.909167367535744,1189
394,117787,로건,-,7.55,휴 잭맨,137분,패티 젠킨스,8.946745562130177,2366
395,162173,노무현입니다,2017,6.67,노무현(본인),109분,이창재,9.643512450851901,763
396,127397,콩: 스컬 아일랜드,2017,6.17,"톰 히들스턴(제임스 콘라드), 사무엘 L. 잭슨(프레스턴 패커드), 브리 라슨(메이슨 위버)",118분,조던 복트-로버츠,8.148876404494382,1424
397,144927,23 아이덴티티,2016,6.50,"제임스 맥어보이(데니스/패트리샤/헤드윅/비스트/케빈/배리/오웰/제이드), 안야 테일러 조이(케이시)",117분,M. 나이트 샤말란,7.878773125608569,2054
398,144280,임금님의 사건수첩,2016,5.63,"이선균(예종), 안재홍(윤이서)",114분,문현성,8.079252003561887,1123
399,146485,특별시민,2016,5.91,"최민식(변종구), 곽도원(심혁수), 심은경(박경)",130분,박인제,7.75482912332838,1346
400,99715,에이리언: 커버넌트,2017,7.11,"마이클 패스벤더(데이빗/월터), 캐서린 워터스턴(대니엘스)",122분,리들리 스콧,8.146469465648854,2096
401,137875,해빙,Bluebeard,6.00,"조진웅(승훈), 신구(정노인), 김대명(성근)",117분,이수연,6.6306513409961685,1305
402,155256,악녀,2017,5.40,"김옥빈(숙희), 신하균(중상), 성준(현수)",123분,정병길,7.808153477218226,417
403,35353,하루,1999,-,"송한윤, 이윤혁, 배중식",20분,박흥식,10.0,1
404,154112,불한당: 나쁜 놈들의 세상,2016,5.83,"설경구(한재호), 임시완(조현수)",120분,변성현,8.383561643835616,365
405,149221,대립군,2017,6.50,"이정재(토우), 여진구(광해), 김무열(곡수)",130분,정윤철,7.83502538071066,394
406,110333,레지던트 이블: 파멸의 날,2016,6.00,"밀라 요보비치(앨리스), 알리 라터(클레어 레드필드), 이아인 글렌(알렉산더 박사)",106분,폴 앤더슨,8.60706062931696,1303
407,134838,공각기동대 : 고스트 인 더 쉘,2017,5.14,스칼렛 요한슨(메이저),107분,루퍼트 샌더스,7.406067677946324,857
408,101904,트롤,-,5.5,"안나 켄드릭, 저스틴 팀버레이크, 주이 디샤넬",92분,"마이크 미첼, 월트 도른",8.820702402957487,541
409,116233,패신저스,2016,5.50,"제니퍼 로렌스(오로라 레인), 크리스 프랫(짐 프레스턴), 마이클 쉰(아서)",116분,모튼 틸덤,8.06092715231788,755
410,143473,아빠는 딸,Daughter Me,4.00,"윤제문(원상태), 정소민(원도연)",115분,김형협,8.734072022160666,361
411,136869,컨택트,2016,7.29,"에이미 아담스(루이스), 제레미 레너(이안), 포레스트 휘태커(웨버 대령)",116분,드니 빌뇌브,8.323731138545954,729
412,155716,박열,2017,6.70,"이제훈(박열), 최희서(후미코), 김인우(미즈노)",129분,이준익,8.51270553064275,1338
413,149777,얼라이드,2017,6.50,"브래드 피트(맥스), 마리옹 꼬띠아르(마리안), 리지 캐플란(브리짓)",124분,로버트 저메키스,8.69620253164557,632
414,126034,그레이트 월,The Great Wall,4.50,"맷 데이먼(윌리엄), 윌렘 대포(발라드), 페드로 파스칼(페로)",103분,장이머우,8.005361930294907,373
415,102278,트리플 엑스 리턴즈,2017,-,"빈 디젤(샌더 케이지), 사무엘 L. 잭슨(오거스터스 기븐스), 루비 로즈(아델 울프)",106분,D.J. 카루소,8.291071428571428,560
416,152633,라이프,-,5.67,"제이크 질렌할, 레베카 퍼거슨, 라이언 레이놀즈",103분,다니엘 에스피노사,7.9071428571428575,420
417,147092,히든 피겨스,2016,6.75,"타라지 P. 헨슨(캐서린 존슨), 옥타비아 스펜서(도로시 본), 자넬 모네(메리 잭슨)",127분,데오도르 멜피,9.454810495626822,343
418,142699,원라인,2016,5.71,"임시완(민재), 진구(석구), 박병은(지원)",131분,양경모,8.794642857142858,560
419,155484,터닝메카드W: 블랙미러의 부활,2016,-,"소연(나찬 목소리), 신용우(에반 목소리), 윤아영(류 목소리)",72분,홍헌표,8.977353992848629,839
420,118966,스머프: 비밀의 숲,2017,7.00,"맨디 파틴킨(파파 스머프 목소리), 데미 로바토(스머페트 목소리), 레인 윌슨(가가멜 목소리)",89분,켈리 애스버리,8.644,750
421,127374,킹 아서: 제왕의 검,2017,5.25,"찰리 허냄(아서 왕), 주드 로(보티건)",126분,가이 리치,8.327044025157234,159
422,152331,보통사람,2017,5.86,"손현주(성진), 장혁(규남)",121분,김봉한,8.617391304347827,460
423,156675,눈의 여왕3: 눈과 불의 마법대결,2016,-,"박지윤(겔다 목소리), 엄상현(올름 목소리), 남도형(로렌 목소리)",90분,알렉세이 트시칠린,8.393939393939394,561
424,118307,어쌔신 크리드,2016,5.67,"마이클 패스벤더(칼럼 린치/아귈라), 마리옹 꼬띠아르(소피아 라이킨), 제레미 아이언스(앨런 라이킨)",115분,저스틴 커젤,7.361739130434783,575
425,146459,싱글라이더,2016,5.90,"이병헌(강재훈), 공효진(이수진), 안소희(지나(유진아))",97분,이주영,8.030211480362539,662
426,127346,석조저택 살인사건,2017,4.67,"고수(이석진/최승만), 김주혁(남도진), 문성근(윤영환 변호사)",109분,"정식, 김휘",8.382857142857143,525
427,140010,사랑하기 때문에,2016,6.00,"차태현(진이형), 김유정(스컬리), 서현진(이현경)",110분,주지홍,8.513994910941475,393
428,143932,존 윅 - 리로드,2017,7.00,키아누 리브스(존 윅),122분,채드 스타헬스키,8.647058823529411,34
429,153964,목소리의 형태,A Silent Voice : The Movie,7.60,"이리노 미유(이시다 쇼야 목소리), 하야미 사오리(니시미야 쇼코 목소리)",129분,야마다 나오코,8.811145510835914,646
430,137008,리얼,2016,2.67,"김수현(수트 장태영/뿔테 장태영), 이성민(최진기), 성동일(조원근)",137분,이사랑,4.455172413793103,435
431,146544,어느날,2016,6.00,"김남길(강수), 천우희(미소)",114분,이윤기,8.589655172413794,290
432,130984,발레리나,2016,-,"엘르 패닝(펠리시 목소리), 데인 드한(빅터 목소리), 매디 지글러(까미유 목소리)",89분,"에릭 섬머, 에릭 와린",8.943722943722944,231
433,144081,50가지 그림자: 심연,2017,2.25,"다코타 존슨(아나스타샤 스틸), 제이미 도넌(크리스찬 그레이)",118분,제임스 폴리,7.874659400544959,367
434,142305,핵소 고지,2016,6.00,"앤드류 가필드(데스몬드 T.도스), 샘 워싱턴(캡틴 글로버), 휴고 위빙(톰 도스)",139분,멜 깁슨,9.198776758409785,327
435,152684,문라이트,2016,7.89,"알렉스 R. 히버트(리틀), 에쉬튼 샌더스(샤이론), 트래반트 로즈(블랙)",111분,배리 젠킨스,8.374468085106383,235
436,143372,더 큐어,2017,6.20,"데인 드한(록하트), 미아 고스(한나), 제이슨 아이삭스(폴머 박사)",146분,고어 버빈스키,7.563775510204081,392
437,152161,비정규직 특수요원,2016,3.25,"강예원(장영실), 한채아(나정안)",117분,김덕수,7.102189781021898,137
438,132627,레고 배트맨 무비,2017,6.67,"윌 아넷(배트맨 / 브루스 웨인 목소리), 랄프 파인즈(알프레드 페니워스 목소리), 로사리오 도슨(배트걸 / 바바라 고든 목소리)",106분,크리스 맥케이,8.748837209302325,215
439,161847,극장판 또봇: 로봇군단의 습격,2017,6.00,"하룡이(또봇X/도운 목소리), 신경선(또봇Y/또봇Z/리모 목소리), 이현(또봇K/설모리 목소리)",80분,"이달, 고동우",-,-
440,158849,명탐정 코난 : 에피소드 원 - 작아진 명탐정,2016,-,"야마구치 캇페이(쿠도 신이치), 타카야마 미나미(에도가와 코난), 야마자키 와카나(모리 란)",95분,야마모토 야스이치로,-,-
441,134772,눈길,2015,6.00,"김영옥(종분), 김향기(소녀 종분), 김새론(영애)",121분,이나정,9.046511627906977,129
442,154214,시간위의 집,2016,4.71,"김윤진(미희), 택연(최신부), 조재윤(철중)",100분,임대웅,8.642105263157895,190
443,157500,마이펫 오지,2016,-,"남도형(오지 목소리), 정은지(캐리 목소리), 김현욱(프롱키 목소리)",89분,"알베르토 로드리게즈, 나초 라 까사",8.472527472527473,91
444,149050,짱구는 못말려 극장판: 폭풍수면! 꿈꾸는 세계 대돌격,Crayon Shin-chan: Fast ...,-,"야지마 아키코, 나라하시 미키, 후지와라 케이지",96분,다카하시 와타루,8.816964285714286,224
445,159408,극장판 소드 아트 온라인 -오디널 스케일-,-,-,"마츠오카 요시츠구, 토마츠 하루카, 이토 카나에",120분,이토 토모히코,9.276478679504814,727
446,139673,여교사,-,6.78,"김하늘(효주), 유인영(혜영), 이원근(재하)",96분,김태용,7.516129032258065,248
447,160135,"서서평, 천천히 평온하게",2017,5.50,"하정우(내레이션), 윤안나(서서평 선교사), 안은새",78분,"홍주연, 홍현정",9.441176470588236,68
448,163027,베이블레이드 버스트 갓 : 갓 발키리의 탄생,2017,-,"김현지(강산 목소리), 한신(호락 목소리), 김보영(태이 목소리)",78분,야마구치 켄타로,-,-
449,130713,루시드 드림,2016,3.00,"고수(최대호), 설경구(송방섭)",101분,김준성,8.137362637362637,182
450,137346,딥워터 호라이즌,2016,6.50,"마크 월버그(마이크 윌리엄), 딜런 오브라이언(케일럽 할러웨이), 케이트 허드슨(펠리시아)",107분,피터 버그,8.810344827586206,232
451,134841,라이언,-,6.5,"써니 파와르(어린 사루), 데브 파텔(사루), 니콜 키드먼(수)",118분,가스 데이비스,9.318181818181818,22
452,94183,슈퍼 빼꼼: 스파이 대작전,2017,4.50,"김태균(빼꼼 목소리), 최정현(제시카/로라 목소리 )",77분,임아론,8.26056338028169,284
453,90922,사일런스,2016,7.00,"앤드류 가필드(로드리게스 신부), 리암 니슨(페레이라 신부), 아담 드라이버(가루프)",159분,마틴 스콜세지,8.89090909090909,110
454,125417,파도가 지나간 자리,2016,6.00,"마이클 패스벤더(톰), 알리시아 비칸데르(이자벨), 레이첼 와이즈(한나)",132분,데릭 시엔프랜스,9.20253164556962,79
455,156417,너와 100번째 사랑,The 100th love with you,4.67,"사카구치 켄타로(리쿠), 미와(아오이), 류세이 료",116분,츠키카와 쇼,8.440677966101696,59
456,160964,바다 탐험대 옥토넛 시즌4 : 더 파이널,2017,-,"하성용(바나클 목소리), 정재헌(콰지 목소리), 엄상현(페이소 목소리)",57분,다라 오코넬,8.26984126984127,63
457,125447,오두막,2016,4.00,"샘 워싱턴(맥 필립스), 옥타비아 스펜서(파파), 라다 미첼(낸 필립스)",132분,스튜어트 하젤딘,8.492537313432836,67
458,143490,파워레인져스: 더 비기닝,2017,6.50,"데이커 몽고메리(제이슨/레드 레인져), 나오미 스콧(킴벌리/핑크 레인져), RJ 사일러(빌리/블루 레인져)",124분,딘 이스라엘리트,8.221518987341772,158
459,149731,패트리어트 데이,2016,5.00,마크 월버그(토미 샌더스),133분,피터 버그,9.025316455696203,158
460,143099,더 서클,2017,3.67,"엠마 왓슨(메이), 톰 행크스(에이몬)",110분,제임스 폰솔트,-,-
461,156185,극장판 쿠로코의 농구 라스트 게임,Kuroko's Basketball,-,"오노 켄쇼, 오노 유우키, 사이토 치와",91분,타다 슌스케,9.663636363636364,110
462,158266,바다 탐험대 옥토넛 시즌4: 바다 괴물 대소동,2017,-,"하성용(바나클 목소리), 정재헌(콰지 목소리), 엄상현(페이소 목소리)",68분,다라 오코넬,8.287234042553191,188
463,160464,꼬마참새 리차드: 아프리카 원정대,2017,-,"김서영(리차드 목소리), 구민선(올가 목소리)",84분,"토비 젠켈, 레자 메마리",8.74074074074074,27
464,156465,밤의 해변에서 혼자,2016,7.63,김민희(영희),101분,홍상수,7.726495726495727,234
465,152309,나의 붉은 고래,Big Fish & Begonia,5.50,"계관림(춘 목소리), 소상경(추 목소리), 허위주(곤 목소리)",101분,"양선, 장춘",7.761904761904762,42
466,137956,맨체스터 바이 더 씨,2016,7.78,"케이시 애플렉(리), 미셸 윌리엄스(랜디), 카일 챈들러(조 챈들러)",137분,케네스 로너건,8.859649122807017,57
467,143435,옥자,2017,7.33,"틸다 스윈튼(루시/낸시 미란도), 폴 다노(제이), 안서현(미자)",120분,봉준호,8.766742338251987,5286
468,142632,미스 슬로운,2016,6.83,제시카 차스테인(엘리자베스 슬로운),132분,존 매든,9.2,5
469,136859,매기스 플랜,2015,6.86,"그레타 거윅(매기), 에단 호크(존), 줄리안 무어(조젯)",98분,레베카 밀러,7.911764705882353,102
470,146469,택시운전사,2017,6.09,"송강호(김만섭), 토마스 크레취만(위르겐 힌츠페터(피터)), 유해진(황태술)",137분,장훈,9.330724070450097,5110
471,85579,신과함께-죄와 벌,2017,5.92,"하정우(강림), 차태현(자홍), 주지훈(해원맥)",139분,김용화,8.795154185022026,9080
472,135874,스파이더맨: 홈커밍,2017,7.00,"톰 홀랜드(피터 파커/스파이더맨), 마이클 키튼(아드리안 툼즈/벌처)",133분,존 왓츠,8.94364680545585,2786
473,161242,범죄도시,2017,6.00,"마동석(마석도), 윤계상(장첸)",121분,강윤성,9.320817490494296,2104
474,146506,군함도,2017,6.17,"황정민(이강옥), 소지섭(최칠성), 송중기(박무영)",132분,류승완,7.542178323545115,3746
475,153652,청년경찰,2017,5.10,"박서준(기준), 강하늘(희열)",109분,김주환,9.095669036845507,1547
476,149747,킹스맨: 골든 서클,2017,5.00,"콜린 퍼스(해리 하트), 줄리안 무어(포피), 태런 에저튼(에그시)",141분,매튜 본,8.748452264581298,3069
477,134898,토르: 라그나로크,2017,6.13,"크리스 헴스워스(토르), 마크 러팔로(헐크), 톰 히들스턴(로키)",130분,타이카 와이티티,9.030628945522562,4277
478,152385,꾼,2017,4.40,"현빈(황지성), 유지태(박희수 검사), 배성우(고석동)",117분,장창원,8.346560846560847,1512
479,155665,강철비,2017,7.18,"정우성(엄철우), 곽도원(곽철우)",139분,양우석,8.811791383219955,2205
480,150637,남한산성,The Fortress,7.50,"이병헌(최명길), 김윤석(김상헌), 박해일(인조)",139분,황동혁,8.154387611450023,2131
481,132626,슈퍼배드 3,2017,5.00,"스티브 카렐(그루/드루 목소리), 크리스틴 위그(루시 와일드 목소리), 트레이 파커(발타자르 브래트 목소리)",90분,"카일 발다, 피에르 꼬팽",8.793984962406014,3325
482,161850,아이 캔 스피크,2017,7.25,"나문희(나옥분), 이제훈(박민재)",119분,김현석,9.257869249394673,826
483,146480,덩케르크,2017,8.55,"핀 화이트헤드(토미), 마크 라이런스(도슨), 톰 하디(파리어)",106분,크리스토퍼 놀란,8.561823802163833,1294
484,137890,살인자의 기억법,2016,5.78,"설경구(김병수), 김남길(민태주), 설현(은희)",118분,원신연,8.194319880418535,669
485,143394,혹성탈출: 종의 전쟁,2017,7.75,"앤디 서키스(시저), 우디 해럴슨(대령), 스티브 잔(배드 에이프)",140분,맷 리브스,8.210034013605442,1176
486,158191,1987,2017,8.08,"김윤석(박처장), 하정우(공안부장), 유해진(한병용)",129분,장준환,9.273395394414504,2041
487,152341,애나벨: 인형의 주인,2017,7.00,"스테파니 시그만(수녀 샬럿), 탈리타 베이트먼(재니스), 앨리시아 벨라 베일리",109분,데이비드 F. 샌드버그,7.72676282051282,1248
488,116866,저스티스 리그,2017,5.83,"벤 애플렉(브루스 웨인/배트맨), 갤 가돗(다이애나 프린스/원더 우먼), 제이슨 모모아(아서 커리/아쿠아맨)",120분,잭 스나이더,8.01030303030303,1650
489,152625,킬러의 보디가드,2017,5.60,"라이언 레이놀즈(마이클 브라이스), 사무엘 L. 잭슨(다리우스 킨케이드)",125분,패트릭 휴즈,8.909090909090908,77
490,160749,부라더,2017,5.80,"마동석(석봉), 이동휘(주봉), 이하늬(오로라)",102분,장유정,7.884267631103074,553
491,160399,기억의 밤,2017,5.67,"강하늘(진석), 김무열(유석)",109분,장항준,8.524390243902438,738
492,164932,해피 데스데이,-,-,"제시카 로테(트리 겔브먼), 이스라엘 브로우사드(카터 데이비스)",96분,크리스토퍼 랜던,8.4784,625
493,152170,브이아이피,2017,5.00,"장동건(박재혁), 김명민(채이도), 박희순(리대범)",128분,박훈정,6.778050778050778,1221
494,137696,장산범,2017,5.80,"염정아(희연), 박혁권(민호)",100분,허정,7.543103448275862,696
495,129095,지오스톰,2017,5.50,"제라드 버틀러(제이크), 짐 스터게스(맥스), 애비 코니쉬(사라)",109분,딘 데블린,8.150684931506849,657
496,125488,스타워즈: 라스트 제다이,2017,7.75,"데이지 리들리(레이), 마크 해밀(루크 스카이워커), 아담 드라이버(카일로 렌)",152분,라이언 존슨,7.827302631578948,608
497,154668,그것,-,6.6,"빌 스카스가드(페니 와이즈), 제이든 리버허(빌)",135분,안드레스 무시에티,7.609907120743034,323
498,154272,오리엔트 특급 살인,2017,5.88,"케네스 브래너(에르큘 포와로), 페넬로페 크루즈(필라 에스트라바도스), 윌렘 대포(게르하르트 하드만)",114분,케네스 브래너,8.071090047393366,422
499,143402,베이비 드라이버,2017,7.67,"안셀 엘고트(베이비), 케빈 스페이시(박사), 릴리 제임스(데보라)",113분,에드가 라이트,8.642105263157895,285
500,106360,위대한 쇼맨,2017,6.60,"휴 잭맨(P.T. 바넘), 잭 에프론(필립 칼라일), 미셸 윌리엄스(채러티 바넘)",104분,마이클 그레이시,9.330445544554456,808
501,169349,뽀로로 극장판 공룡섬 대모험,Dinosaur Island Adventure,-,"이선(뽀로로 목소리), 이미자(크롱 목소리), 함수정(에디 목소리)",79분,"김현호, 윤제완",9.276190476190477,945
502,152616,47 미터,-,4.0,"맨디 무어(리사), 클레어 홀트(케이트)",89분,조하네스 로버츠,7.569288389513108,267
503,159037,메리와 마녀의 꽃,Mary and the Witch's Flower,5.83,"스기사키 하나(메리 목소리), 카미키 류노스케(피터 목소리)",103분,요네바야시 히로마사,8.01736111111111,288
504,137970,발레리안: 천 개 행성의 도시,2017,5.56,"데인 드한(발레리안), 카라 델레바인(로렐린)",137분,뤽 베송,8.035911602209945,362
505,152396,카3: 새로운 도전,2017,5.50,"오웬 윌슨(라이트닝 맥퀸 목소리), 크리스텔라 알론조(크루즈 라미레즈 목소리), 아미 해머(잭슨 스톰 목소리)",109분,브라이언 피,8.725,360
506,153642,침묵,2017,6.09,"최민식(임태산), 박신혜(최희정), 류준열(김동명)",125분,정지우,8.224669603524228,454
507,175318,너의 췌장을 먹고 싶어,I want to eat your pancreas,7.33,"타카스기 마히로(나 목소리), 린(사쿠라 목소리)",109분,우시지마 신이치로,8.538461538461538,65
508,159054,명탐정 코난:진홍의 연가,Detective Conan: Crimson Love Letter,6.00,"타카야마 미나미, 야마자키 와카나, 코야마 리키야",113분,시즈노 코분,9.121951219512194,410
509,155411,반드시 잡는다,2017,6.50,"백윤식(심덕수), 성동일(박평달)",110분,김홍선,8.2986301369863,365
510,165722,극장판 포켓몬스터 너로 정했다!,Pokemon the movie: I Choose You!,6.00,"마츠모토 리카(사토시 목소리), 오오타니 이쿠에(피카츄 목소리)",98분,유야마 쿠니히코,9.00152207001522,657
511,121052,넛잡 2,2017,5.00,"윌 아넷(설리 목소리), 캐서린 헤이글(앤디 목소리), 성룡(미스터 펭 목소리)",91분,캘런 브런커,8.689473684210526,190
512,137945,아메리칸 메이드,2017,6.67,"톰 크루즈(배리 씰), 도널 글리슨(몬티 쉐퍼), 사라 라이트(루시 씰)",115분,더그 라이만,8.115,200
513,144379,러빙 빈센트,2017,7.50,"더글러스 부스(아르망 룰랭), 시얼샤 로넌(마르그리트 가셰), 제롬 플린(닥터 가셰)",107분,"도로타 코비엘라, 휴 웰치맨",9.169934640522875,459
514,154353,대장 김창수,2017,4.67,"조진웅(김창수), 송승헌(강형식)",115분,이원태,8.624223602484472,322
515,76309,플립,2010,6.00,"매들린 캐롤(줄리 베이커), 캘런 맥오리피(브라이스 로스키)",90분,로브 라이너,9.18450184501845,542
516,155715,7호실,2017,6.43,"신하균(두식), 디오(태정)",100분,이용승,7.2898550724637685,276
517,163844,몬스터 패밀리,2017,6.00,"에밀리 왓슨(엠마 목소리), 닉 프로스트(프랭크 목소리), 제시카 브라운 핀들레이(페이 목소리)",93분,호거 태프,8.306167400881057,454
518,154437,내 사랑,-,6.71,"샐리 호킨스(모드 루이스), 에단 호크(에버렛 루이스)",115분,에이슬링 월쉬,9.14655172413793,116
519,156477,극장판 짱구는 못말려 : 습격!! 외계인 덩덩이,Crayon Shinchan 2017 Theatrical ...,-,"박영남(짱구 목소리), 양정화(덩덩이 목소리)",103분,하시모토 마사카즈,8.703389830508474,118
520,140696,희생부활자,2015,5.17,"김래원(서진홍), 김해숙(최명숙)",91분,곽경택,6.714285714285714,182
521,88227,블레이드 러너 2049,2017,8.22,"라이언 고슬링(K), 해리슨 포드(릭 데커드)",163분,드니 빌뇌브,7.955555555555556,270
522,165025,빅풋 주니어,2017,-,"우정신, 임채헌",92분,"제레미 드그루손, 벤 스타센",8.88,100
523,165461,공범자들,2017,6.44,"이명박(본인), 김재철(본인), 김장겸(본인)",106분,최승호,9.649484536082474,291
524,142317,미옥,2017,4.33,"김혜수(현정), 이선균(상훈)",91분,이안규,7.375,216
525,163663,딥,-,-,"심규혁(딥 목소리), 사문영(앨리/노마 목소리), 이인성(이보 목소리)",85분,줄리오 소토 거피드,7.905109489051095,137
526,156200,극장판 요괴워치: 하늘을 나는 고래와 더블세계다냥!,Yo-Kai Watch Mo...,5.00,"박경혜(민호 한국어 목소리), 홍범기(위스퍼 한국어 목소리), 김현지(지바냥 한국어 목소리)",90분,"우시로 신지, 요코이 타케시",8.56637168141593,226
527,100205,어쌔신: 더 비기닝,2017,5.50,"딜런 오브라이언(미치 랩), 마이클 키튼(스탠 헐리), 산나 라단(아이린 케네디)",112분,마이클 쿠에스타,8.53896103896104,154
528,162932,채비,2017,5.00,"고두심(애순), 김성균(인규)",114분,조영준,9.168,125
529,157178,"나는 내일, 어제의 너와 만난다",昨日のきみとデートする,6.00,"후쿠시 소우타(미나미야마 타카토시), 고마츠 나나(후쿠쥬 에미)",110분,미키 타카히로,8.40379403794038,369
530,158910,예수는 역사다,2017,4.00,"마이크 보겔(리 스트로벨), 에리카 크리스틴슨(레슬리 스트로벨), 페이 더너웨이(로버타 박사)",113분,존 건,9.153846153846153,65
531,153279,극장판 도라에몽:진구의 남극 꽁꽁 대모험,DORAEMON THE MOVIE GREAT ADVENTURE...,6.00,"미즈타 와사비(도라에몽 목소리), 오오하라 메구미(노비타 (진구) 목소리), 카카즈 유미(시즈카 목소리)",101분,다카하시 아츠시,8.8125,112
532,144215,아토믹 블론드,2017,6.43,"샤를리즈 테론(로레인 브로튼), 제임스 맥어보이(데이빗 퍼시벌), 소피아 부텔라(델핀)",114분,데이빗 레이치,8.0,147
533,125439,레고 닌자고 무비,2017,4.00,"데이브 프랭코(로이드 목소리), 올리비아 문(코코 목소리), 저스틴 서룩스(가마돈 목소리)",101분,찰리 빈,8.821138211382113,123
534,167035,극장판 에그엔젤 코코밍: 푸르밍과 두근두근 코코밍 세계,2017,-,"이지현(한미소 목소리), 여윤미(푸르밍 목소리), 여민정(럭키밍 목소리)",76분,닛타 노리오,-,-
535,155680,로마의 휴일,2017,3.00,"임창정(강인한), 공형진(진기주), 정상훈(정두만)",108분,이덕희,7.986301369863014,73
536,162824,저수지 게임,2017,6.67,"주진우(본인), 조미래(본인), 정재호(본인)",100분,최진성,9.77710843373494,166
537,154458,파리로 가는 길,Paris Can Wait,5.17,"다이안 레인(앤), 알렉 볼드윈(마이클), 아르노 비야르(자크)",92분,엘레노어 코폴라,8.176991150442477,113
538,152268,직쏘,2017,4.00,토빈 벨(직쏘/존 크레이머),92분,"마이클 스피어리그, 피터 스피어리그",-,-
539,151117,더 테이블,2016,5.50,"정유미(유진), 한예리(은희), 정은채(경진)",70분,김종관,8.317073170731707,328
540,151674,김광석,2017,6.00,"김광석(본인), 이상호(본인), 박학기(본인)",82분,이상호,8.928571428571429,56
541,146407,다크타워: 희망의 탑,2017,4.25,"이드리스 엘바(롤랜드/건슬링어), 매튜 맥커너히(맨 인 블랙/월터), 톰 테일러(제이크 챔버스)",95분,니콜라이 아르셀,7.4393939393939394,132
542,159516,인비저블 게스트,The Invisible Guest,6.50,"마리오 카사스(아드리안 도리아), 바바라 레니(로라 비달), 호세 코로나도(토마스 가리도)",106분,오리올 파울로,9.415094339622641,53
543,164968,노 게임 노 라이프 -제로-,No Game No Life Zero,-,"마츠오카 요시츠구(리쿠), 카야노 아이(슈비), 히카사 요코",107분,이시즈카 아츠코,8.0,1
544,125401,몬스터 콜,A Monster Calls,6.88,"루이스 맥더겔(코너), 시고니 위버(할머니), 펠리시티 존스(엄마)",108분,후안 안토니오 바요나,8.905405405405405,74
545,164290,킹 오브 프리즘 프라이드 더 히어로,2017,-,"남도형(미하마 코우지 한국어 목소리), 엄상현(하야미 히로 한국어 목소리), 이원찬(니시나 카즈키 / 히무로 히지리 한국어 목소리)",70분,히시다 마사카즈,9.88888888888889,36
546,151196,원더,2017,6.86,"제이콥 트렘블레이(어기 풀먼), 줄리아 로버츠(이자벨 풀먼), 오웬 윌슨(네이트 풀먼)",113분,스티븐 크보스키,9.404761904761905,42
547,165585,드래곤 스펠: 마법 꽃의 비밀,2016,-,"방지원(니키 목소리), 이세원(록키 목소리), 박상우(에디 목소리)",86분,마누크 데포얀,-,-
548,165029,오즈: 신기한 마법가루,2017,-,"이장원(어핀 목소리), 김하영(도로시 목소리)",91분,"블라디미르 토로프킨, 표도르 드미트리에프, 다리나 슈미트",7.8,45
549,158576,극장판 파워레인저: 애니멀포스 VS 닌자포스 미래에서 온 메시지,劇場版　動物戦隊ジュウオウジャーVSニンニンジャー　未来からのメッセージ from ...,-,"나카오 마사키, 야나기 미키, 난바 쇼헤이",58분,타케모토 노보루,8.866666666666667,60
550,169561,뷰티풀 투모로우,2017,-,"박효신, 정재일",68분,장재혁,-,-
551,149776,지랄발광 17세,2016,6.40,헤일리 스테인펠드(네이딘),102분,켈리 프레몬,-,-
552,165514,리틀 프린세스 소피아: 신비한 섬,2017,-,"김미랑(소피아 공주 목소리), 서지연(앰버 공주 목소리)",64분,제이미 밋첼,8.55,100
553,168478,더 크리스마스,2017,7.00,"스티븐 연(보 목소리), 지나 로드리게즈(마리아 목소리), 제커리 레비(요셉 목소리)",86분,티모시 렉카트,8.6,5
554,166008,래빗 스쿨,Rabbit School-Guardian's of Golden Egg,-,"황창영(맥스 목소리), 민아(에미 목소리), 최정현(헤르미온느 목소리)",76분,우테 폰 뮌쇼폴,8.418604651162791,43
555,154262,위시 어폰,2017,3.50,"조이 킹(클레어), 이기홍(라이언 후이), 라이언 필립(조나단)",90분,존 R. 레오네티,8.12280701754386,57
556,168508,극장판 숲의 요정 페어리루 ~크리스마스의 기적: 마법의 날개~,2017,-,"조경이(리프 목소리), 이재현(해바라기 목소리), 이지현(로즈 목소리)",65분,고로 사쿠라,-,-
557,125418,튤립 피버,2017,5.33,"알리시아 비칸데르(소피아), 데인 드한(얀), 크리스토프 왈츠(코르넬리스)",105분,저스틴 채드윅,7.894736842105263,76
558,154267,매혹당한 사람들,2017,7.00,"니콜 키드먼(미스 마사), 커스틴 던스트(에드위나), 엘르 패닝(알리시아)",94분,소피아 코폴라,8.376811594202898,69
559,149757,윈드 리버,2016,7.33,"제레미 레너(코리 램버트), 엘리자베스 올슨(제인 밴너)",111분,테일러 쉐리던,8.368421052631579,38
560,70627,잃어버린 도시 Z,2016,6.83,"찰리 허냄(퍼시 포셋), 로버트 패틴슨(헨리 코스틴), 시에나 밀러(니나 포셋)",141분,제임스 그레이,7.153846153846154,26
561,152650,마더!,2017,7.25,"제니퍼 로렌스(마더), 하비에르 바르뎀(그)",121분,대런 아로노프스키,7.304347826086956,69
562,142634,내가 죽기 전에 가장 듣고 싶은 말,2017,5.33,"셜리 맥클레인(해리엇), 아만다 사이프리드(앤), 앤쥴 리 딕슨(브렌다)",108분,마크 펠링톤,-,-
563,136315,어벤져스: 인피니티 워,2018,7.09,"로버트 다우니 주니어(토니 스타크 / 아이언맨), 조슈 브롤린(타노스), 크리스 헴스워스(토르)",149분,"안소니 루소, 조 루소",9.198528235482323,6251
564,154285,쥬라기 월드: 폴른 킹덤,2018,6.40,"크리스 프랫(오웬 그래디), 브라이스 달라스 하워드(클레어 디어링)",127분,후안 안토니오 바요나,8.635820234669028,4517
565,137326,블랙 팬서,2018,6.67,채드윅 보스만(티찰라 / 블랙 팬서),135분,라이언 쿠글러,8.201442841287458,1802
566,158178,독전,2018,5.29,"조진웅(원호), 류준열(락), 김주혁(진하림)",123분,이해영,8.64006139677667,1303
567,149236,데드풀 2,2018,5.86,"라이언 레이놀즈(웨이드 윌슨 / 데드풀), 조슈 브롤린(네이던 서머스 / 케이블), 재지 비츠(도미노)",117분,데이빗 레이치,9.184284617353468,3907
568,151728,코코,2017,8.00,"안소니 곤잘레스 (미구엘 목소리), 가엘 가르시아 베르날(헥터 목소리), 벤자민 브랫(에르네스토 델라 크루즈 목소리)",104분,리 언크리치,9.160084033613446,2380
569,158180,그것만이 내 세상,2017,5.20,"이병헌(김조하), 윤여정(주인숙), 박정민(오진태)",120분,최성현,9.222732491389207,1742
570,172454,곤지암,2017,6.33,"위하준(하준), 박지현(지현), 오아연(아연)",94분,정범식,7.644761904761904,1050
571,159892,탐정: 리턴즈,2018,6.00,"권상우(강대만), 성동일(노태수), 이광수(여치형)",116분,이언희,9.146086956521739,1150
572,168298,지금 만나러 갑니다,2017,5.50,"소지섭(우진), 손예진(수아)",131분,이장훈,9.029113924050632,790
573,165748,조선명탐정: 흡혈괴마의 비밀,2017,5.17,"김명민(김민), 오달수(서필), 김지원(여주)",120분,김석윤,8.192719486081371,934
574,149248,메이즈 러너: 데스 큐어,2017,5.00,"딜런 오브라이언(토마스), 토마스 생스터(뉴트), 카야 스코델라리오(트리사)",143분,웨스 볼,8.50989010989011,910
575,136898,레디 플레이어 원,2018,8.36,"마크 라이런스(제임스 도노반 할리데이 / 아노락), 사이먼 페그(오르젠 모로우 / Og), 올리비아 쿡(사만다 에벨린 쿡 / 아르테미스)",140분,스티븐 스필버그,8.930516953863258,1799
576,152656,쥬만지: 새로운 세계,2017,5.33,"드웨인 존슨(닥터 브레이브스톤/스펜서), 잭 블랙(셸리 오베론/베서니), 케빈 하트(무스 핀바/프리지)",118분,제이크 캐스단,8.473394495412844,545
577,154449,리틀 포레스트,2018,6.36,"김태리(혜원), 류준열(재하), 문소리(혜원 엄마)",103분,임순례,9.052009456264775,846
578,158112,골든슬럼버,2017,5.00,"강동원(김건우/실리콘), 김의성(민씨), 한효주(전선영)",108분,노동석,6.530805687203792,422
579,162249,램페이지,2018,4.80,"드웨인 존슨(데이비스 오코예), 제프리 딘 모건(러셀 요원), 나오미 해리스(케이트 칼드웰 의사)",107분,브래드 페이튼,8.916932907348242,939
580,141206,궁합,2018,4.00,"심은경(송화옹주), 이승기(서도윤)",110분,홍창표,7.919184290030212,1324
581,165026,사라진 밤,2018,4.67,"김상경(중식), 김강우(진한), 김희애(설희)",101분,이창희,8.142,500
582,153675,오션스8,2018,5.80,"산드라 블록(데비 오션), 케이트 블란쳇(루), 앤 해서웨이(다프네 클루거)",110분,게리 로스,8.625824693685203,1061
583,142739,바람 바람 바람,2017,4.60,"이성민(석근), 신하균(봉수), 송지효(미영)",100분,이병헌,7.064593301435407,836
584,169347,챔피언,2018,5.43,"마동석(마크), 권율(진기), 한예리(수진)",108분,김용완,7.7657657657657655,222
585,125494,퍼시픽 림: 업라이징,2018,5.60,"존 보예가(제이크), 스콧 이스트우드(네이트)",111분,스티븐 S. 드나이트,8.246355685131196,686
586,153651,염력,Psychokinesis,6.00,"류승룡(신석헌), 심은경(신루미)",101분,연상호,6.505415162454874,554
587,118955,월요일이 사라졌다,2017,5.25,"누미 라파스(카렌 셋맨), 윌렘 대포(테렌스 셋맨), 글렌 클로즈(니콜렛 케이먼)",123분,토미 위르콜라,9.0,8
588,159877,레슬러,2017,4.33,"유해진(귀보), 김민재(성웅), 이성경(가영)",110분,김대웅,6.746987951807229,415
589,175322,마녀,2018,5.63,"김다미(자윤), 조민수(닥터 백), 박희순(미스터 최)",125분,박훈정,8.568734793187348,1644
590,158647,인시디어스4: 라스트 키,2017,5.33,"린 샤예(엘리스 레이니어), 스펜서 로크(멜리사 레이니어), 조쉬 스튜어트(제럴드 레이니어)",103분,애덤 로비텔,7.378947368421053,285
591,173653,"그날, 바다",2018,6.40,정우성(내레이션),110분,김지영,9.881427072402937,953
592,158601,툼레이더,2018,5.00,알리시아 비칸데르(라라 크로포트),118분,로아 우타우,7.783625730994152,342
593,160491,페르디난드,2017,6.33,존 시나(페르디난드 목소리),108분,카를로스 살다나,9.075987841945288,329
594,85578,7년의 밤,2018,5.50,"장동건(오영제), 류승룡(최현수), 송새벽(안승환)",123분,추창민,6.309677419354839,310
595,155263,버닝,2018,7.69,"유아인(종수), 스티븐 연(벤), 전종서(해미)",148분,이창동,7.736196319018405,652
596,168011,콰이어트 플레이스,-,7.0,"에밀리 블런트, 존 크래신스키, 노아 주프",90분,존 크래신스키,8.304347826086957,460
597,158626,셰이프 오브 워터: 사랑의 모양,The Shape of Water,8.18,"샐리 호킨스(엘라이자 에스포지토), 마이클 섀넌(리차드 스트릭랜드), 리차드 젠킨스(자일스)",123분,기예르모 델 토로,8.841176470588236,510
598,159805,흥부: 글로 세상을 바꾼 자,2017,4.57,"정우(흥부), 김주혁(조혁), 정진영(조항리)",105분,조근현,7.7342342342342345,222
599,154226,피터 래빗,2018,5.50,"제임스 코든(피터 래빗 목소리), 도널 글리슨(제레미 피셔 / 토마스 맥그리거), 로즈 번(비 / 제미마 퍼들덕)",95분,윌 글럭,9.202635914332784,607
600,146489,패딩턴 2,2017,7.67,"벤 위쇼(패딩턴 목소리), 휴 그랜트(피닉스 뷰캐넌), 샐리 호킨스(매리 브라운)",104분,폴 킹,9.16793893129771,131
601,164183,트루스 오어 데어,2018,3.50,"루시 헤일(올리비아), 타일러 포시(루카스), 바이올렛 빈(마키)",100분,제프 와드로,8.395280235988201,339
602,154667,덕구,2017,5.50,"이순재(덕구할배), 정지훈(덕구)",91분,방수인,9.471153846153847,104
603,152249,커뮤터,2017,5.57,"리암 니슨(마이클 맥콜리), 베라 파미가(조안나)",104분,자움 콜렛 세라,9.105022831050228,219
604,66725,명탐정 코난 : 감벽의 관,Detective Conan: Jolly Roger in ...,5.00,"김선혜(코난 한국어 목소리), 강수진(남도일 한국어 목소리), 이현진(유미란 한국어 목소리)",107분,야마모토 야스이치로,8.526315789473685,76
605,168017,아이 필 프리티,2018,4.00,"에이미 슈머(르네 베넷), 미셸 윌리엄스(에이버리 클레어)",110분,"에비 콘, 마크 실버스테인",9.103109656301145,611
606,153620,치즈인더트랩,2017,4.00,"박해진(유정), 오연서(홍설), 박기웅(백인호)",116분,김제영,8.217391304347826,92
607,168037,12 솔져스,2018,5.00,"크리스 헴스워스(미치 넬슨), 마이클 섀넌(할 스펜서), 마이클 페나(샘 딜러)",130분,니콜라이 퓰시,9.733333333333333,45
608,149504,1급기밀,2016,5.86,"김상경(대익), 김옥빈(정숙), 최무성(현석)",101분,홍기선,9.003968253968255,252
609,154598,50가지 그림자: 해방,2018,2.67,"다코타 존슨(아나스타샤 스틸), 제이미 도넌(크리스찬 그레이)",105분,제임스 폴리,8.440092165898617,434
610,158631,허리케인 하이스트,2017,3.50,"토비 켑벨(윌), 매기 그레이스(케이시), 라이언 콴튼(브리즈)",103분,롭 코헨,8.863013698630137,146
611,144693,한 솔로: 스타워즈 스토리,2018,7.29,"엘든 이렌리치(한 솔로), 에밀리아 클라크(키라), 우디 해럴슨(토비아스 베킷)",135분,론 하워드,8.41304347826087,184
612,158885,콜 미 바이 유어 네임,2017,7.80,"티모시 샬라메(엘리오), 아미 해머(올리버)",132분,루카 구아다니노,9.4251968503937,127
613,159862,나미야 잡화점의 기적,-,5.75,"야마다 료스케, 니시다 토시유키, 무라카미 니지로",130분,히로키 류이치,7.669811320754717,424
614,68291,극장판 포켓몬스터DP - 디아루가 VS 펄기아 VS 다크라이,201...,6.00,"임채헌(다크라이 한국어 목소리), 이선호(지우 한국어 목소리), 정미숙(빛나 한국어 목소리)",90분,유야마 쿠니히코,8.042780748663102,374
615,172420,유전,2017,7.13,"토니 콜렛(애니 그레이엄), 밀리 샤피로(찰리 그레이엄), 가브리엘 번(스티브 그레이엄)",127분,아리 에스터,7.54,150
616,167787,허스토리,2017,6.67,"김희애(문정숙 사장), 김해숙(배정길 할머니)",121분,민규동,9.440251572327044,159
617,143416,미드나잇 선,2018,5.25,"벨라 손(케이티), 패트릭 슈왈제네거(찰리)",92분,스콧 스피어,8.99290780141844,141
618,142272,다운사이징,2017,6.13,"맷 데이먼(폴 사프라넥), 크리스토프 왈츠(두샨 미르코비치), 홍 차우(녹 란 트란)",135분,알렉산더 페인,5.9416058394160585,274
619,158555,나를 기억해,2017,3.67,"이유영(한서린), 김희원(오국철)",102분,이한욱,8.064220183486238,109
620,159848,더 포스트,2017,7.63,"메릴 스트립(캐서린 그레이엄), 톰 행크스(벤 브래들리)",116분,스티븐 스필버그,8.805309734513274,113
621,152680,시카리오: 데이 오브 솔다도,2018,6.43,"조슈 브롤린(맷 그레이버), 베니시오 델 토로(알레한드로 길릭), 이사벨라 모너(이사벨라 레예스)",122분,스테파노 솔리마,9.27659574468085,47
622,154251,얼리맨,2018,6.00,"에디 레드메인(더그 목소리), 톰 히들스턴(누스 목소리), 메이지 윌리암스(구나 목소리)",89분,닉 파크,8.583333333333334,36
623,171822,"안녕, 나의 소녀",-,5.0,"류이호, 송운화",104분,사준의,7.490909090909091,110
624,157243,당갈,2016,7.00,"아미르 칸(마하비르 싱 포갓), 파티마 사나 셰이크(기타), 산야 말호트라(바비타)",161분,니테쉬 티와리,9.31578947368421,19
625,151744,레드 스패로,2018,5.33,"제니퍼 로렌스(도미니카 예고로바), 조엘 에저튼(네이트 내쉬), 마티아스 쇼에나에츠(반야 예고로브)",140분,프란시스 로렌스,8.629032258064516,248
626,172005,게이트,2017,3.00,"정려원(소은), 임창정(규철), 정상훈(민욱)",92분,신재호,9.255813953488373,43
627,171440,미니특공대X,2018,-,"엄상현(볼트 목소리), 전태열(새미 목소리), 이소영(루시 목소리)",68분,이영준,7.5,92
628,158611,레이디 버드,2018,7.82,시얼샤 로넌(크리스틴 '레이디 버드' 맥퍼슨),94분,그레타 거윅,8.75609756097561,123
629,158610,쓰리 빌보드,Missouri,8.20,"프란시스 맥도맨드(밀드레드), 우디 해럴슨(윌러비), 샘 록웰(딕슨)",115분,마틴 맥도나,9.333333333333334,234
630,172009,마야2,2017,6.00,"김서영(마야 목소리), 김명준(윌리 목소리), 김소희(바이올렛, 여왕 목소리)",84분,"노엘 클리어리, 세르지오 델피노",9.367647058823529,68
631,173466,커다랗고 커다랗고 커다란 배,The Incredible Story of the G...,6.50,"이소은(세바스찬 목소리), 이제인(미쵸 목소리), 윤세웅(JB 목소리)",77분,"필립 아이슈타인 립스키, 요르겐 레르담",8.956521739130435,46
632,168405,여중생A,2018,6.00,"김환희(미래 / 게임세계-다크), 수호(재희)",114분,이경섭,7.413043478260869,92
633,164719,플로리다 프로젝트,2017,8.50,"윌렘 대포(바비), 브루클린 프린스(무니), 브리아 비나이트(핼리)",111분,션 베이커,9.290909090909091,55
634,163842,올 더 머니,2017,7.00,"미셸 윌리엄스(게일 해리스), 크리스토퍼 플러머(J. 폴 게티), 마크 월버그(플래처 체이스)",132분,리들리 스콧,8.733333333333333,45
635,173004,레오나르도 다 빈치,2018,-,김명준(레오 목소리),82분,세르지오 맨피오,9.090909090909092,44
636,165561,번개맨과 신비의 섬,2017,4.00,"서홍석(번개맨), 홍민아(번개걸), 유수호(마리오)",70분,김지열,-,-
637,159311,소공녀,2017,6.75,"이솜(미소), 안재홍(한솔)",106분,전고운,8.957446808510639,94
638,171401,매직빈,To Fu,5.00,"황창영(빈 목소리), 민아(향 목소리), 장병관(류안 목소리)",72분,조이 주,6.636363636363637,11
639,164684,"부르고뉴, 와인에서 찾은 인생",Back to Burgundy,6.50,"피오 마르마이(장), 아나 지라르도(줄리엣), 프랑수아 시빌(제레미)",113분,세드릭 클라피쉬,8.59375,32
640,151241,머니백,2017,5.00,"김무열(민재), 박희순(최형사), 이경영(킬러 박)",101분,허준형,7.96078431372549,51
641,172006,젝스키스 에이틴,2017,-,[국내] 전체 관람가,100분,"은지원, 이재진, 장수원",-,-
642,157974,살인소설,2017,5.00,"지현우(김순태), 오만석(이경석), 이나라(이지영)",103분,김진묵,7.3076923076923075,26
643,167100,데자뷰,2018,-,"이천희(차인태), 남규리(신지민), 이규한(선우진)",87분,고경민,6.986111111111111,72
644,151752,온리 더 브레이브,2017,6.50,"조슈 브롤린(에릭 마쉬), 마일즈 텔러(브렌든 맥도너), 제프 브리지스(두에인 스타인브링크)",133분,조셉 코신스키,9.444444444444445,36
645,151254,비밥바룰라,2017,5.00,"박인환(영환), 신구(순호), 임현식(현식)",97분,이성재,9.384615384615385,65
646,147388,"스탠바이, 웬디",2017,6.43,"다코타 패닝(웬디), 토니 콜렛(스코티)",93분,벤 르윈,8.823529411764707,51
647,165791,더 포리너,2017,5.67,"성룡(콴), 피어스 브로스넌(리암 헤네시)",114분,마틴 캠벨,9.5,4
648,171403,정글번치: 최강 악당의 등장,2017,-,"최원형(모리스 목소리), 김민진(미구엘 목소리), 박재현(토니 목소리)",97분,데이빗 알루,7.517241379310345,29
649,150687,다키스트 아워,2017,6.38,"게리 올드만(윈스턴 처칠), 크리스틴 스콧 토마스(클레멘타인 처칠), 릴리 제임스(엘리자베스 레이튼)",125분,조 라이트,8.954545454545455,44
650,171767,반딧불이 딘딘,2017,6.00,"방지원, 조연우, 신정훈",85분,등위봉,7.666666666666667,48
651,169240,아일라,2017,5.25,"김설(아일라), 이스마일 하지오글루(슐레이만)",123분,잔 울카이,9.128205128205128,39
652,174804,벅스 프렌즈,2018,-,"김소희, 윤세웅, 석승훈",75분,딩 스,8.179487179487179,78
653,144975,패터슨,2016,8.20,"아담 드라이버(패터슨), 골쉬프테 파라하니(로라)",118분,짐 자무쉬,8.626436781609195,174
654,140235,스파키,2016,4.00,"제이스 노먼(스파키 목소리), 제시카 비엘(빅스 목소리), 수잔 서랜든(바내니 목소리)",91분,아론 우들리,8.263157894736842,19
655,167697,신과함께-인과 연,2017,6.31,"하정우(강림), 주지훈(해원맥), 김향기(덕춘)",141분,김용화,8.671614712188685,6063
656,156464,보헤미안 랩소디,2018,6.14,"라미 말렉(프레디 머큐리), 루시 보인턴(메리 오스틴), 귈림 리(브라이언 메이)",134분,브라이언 싱어,9.555923777961889,1207
657,154222,미션 임파서블: 폴아웃,2018,7.56,"톰 크루즈(에단 헌트), 헨리 카빌(어거스트 워커), 사이먼 페그(벤지 던)",147분,크리스토퍼 맥쿼리,9.182002581596903,5423
658,144330,앤트맨과 와스프,2018,6.13,"폴 러드(스캇 랭 / 앤트맨), 에반젤린 릴리(호프 반 다인 / 와스프), 마이클 더글라스(행크 핌 박사)",118분,페이튼 리드,8.975738984941438,3586
659,163533,안시성,THE GREAT BATTLE,6.22,"조인성(양만춘), 남주혁(사물), 박성웅(이세민)",135분,김광식,8.667371847030106,6145
660,167638,완벽한 타인,2018,6.13,"유해진(태수), 조진웅(석호), 이서진(준모)",115분,이재규,9.222723428249225,3547
661,153687,공작,2018,6.93,"황정민(흑금성(박석영)), 이성민(리명운), 조진웅(최학성)",137분,윤종빈,7.819280660377358,3392
662,119428,베놈,2018,4.60,"톰 하디(에디 브록 / 베놈), 미셸 윌리엄스(앤 웨잉)",107분,루벤 플레셔,8.305248226950354,3525
663,167105,암수살인,Dark Figure of Crime,8.14,"김윤석(김형민), 주지훈(강태오)",110분,김태균,8.593857634902411,3484
664,164192,국가부도의 날,2018,6.50,"김혜수(한시현), 유아인(윤정학), 허준호(갑수)",114분,최국희,8.820384294068505,1197
665,151153,아쿠아맨,2018,6.83,"제이슨 모모아(아서 커리 / 아쿠아맨), 앰버 허드(메라), 니콜 키드먼(아틀라나 여왕)",143분,제임스 완,8.768219832735962,1674
666,136990,인크레더블 2,2018,7.33,"크레이그 T. 넬슨(밥 파 / Mr. 인크레더블 목소리), 사무엘 L. 잭슨(루이스 베스트 / 프로존 목소리), 홀리 헌터(헬렌 파 / 일라스티걸 목소리)",125분,브래드 버드,9.346312242605766,2671
667,172425,서치,-,7.6,"존 조, 데브라 메싱",101분,아니쉬 차간티,9.121428571428572,700
668,140652,너의 결혼식,2018,6.57,"박보영(환승희), 김영광(황우연)",110분,이석근,9.09216589861751,2170
669,169015,목격자,2017,5.25,"이성민(상훈), 김상호(재엽), 진경(수진)",111분,조규장,7.73300283286119,1412
670,154255,신비한 동물들과 그린델왈드의 범죄,2018,5.33,"에디 레드메인(뉴트 스캐맨더), 조니 뎁(겔러트 그린델왈드), 캐서린 워터스턴(티나 골드스틴)",134분,데이빗 예이츠,7.486516853932584,890
671,164115,맘마미아!2,2018,6.20,"아만다 사이프리드(소피), 릴리 제임스(젊은 도나), 메릴 스트립(도나)",114분,올 파커,9.082278481012658,1106
672,162981,명당,FENGSHUI,5.80,"조승우(박재상), 지성(흥선대원군), 김성균(김병기)",2018 .09.19 개봉,박희곤,7.865155807365439,1765
673,164106,협상,2018,5.43,"손예진(하채윤), 현빈(민태구)",114분,이종석,8.458087367178276,847
674,157297,마약왕,2017,5.14,"송강호(이두삼), 조정석(김인구), 배두나(김정아)",139분,우민호,7.436655405405405,2368
675,160487,창궐,2018,5.20,"현빈(이청), 장동건(김자준)",121분,김성훈,6.825609756097561,820
676,174835,성난황소,2018,4.67,"마동석(강동철), 송지효(지수)",115분,김민호,8.740901683867463,1841
677,171755,도어락,2018,6.11,"공효진(조경민), 김예원(오효주), 김성오(이형사)",102분,이권,7.958402662229617,601
678,164101,스윙키즈,2018,6.38,"디오(로기수), 자레드 그라임스(잭슨), 박혜수(양판래)",133분,강형철,9.114047287899862,719
679,166092,PMC: 더 벙커,2018,6.90,"하정우(에이헵), 이선균(윤지의)",124분,김병우,6.906976744186046,774
680,164139,범블비,2018,6.78,"헤일리 스테인펠드(찰리 왓슨), 존 시나(번스 요원)",114분,트래비스 나이트,8.786850477200424,943
681,169643,몬스터 호텔 3,2018,5.00,"아담 샌들러(드락 목소리), 셀레나 고메즈(마비스 목소리)",97분,젠디 타타코브스키,8.745495495495495,1332
682,168049,더 넌,2018,4.50,"타이사 파미가(아이린 수녀), 데미안 비쉬어(버크 신부), 보니 아론스(악마 수녀)",96분,코린 하디,7.4427333974975936,1039
683,160375,스카이스크래퍼,2018,4.25,"드웨인 존슨(윌 소여), 니브 캠벨(사라 소여)",102분,로슨 마샬 터버,8.733990147783251,406
684,109906,인랑,ILLANG : THE WOLF BRIGADE,5.73,"강동원(임중경), 한효주(이윤희), 정우성(장진태)",138분,김지운,5.382171226831421,1133
685,175727,극장판 헬로카봇 : 백악기 시대,2018,6.00,"이지현(차탄 목소리), 김용준(아빠 / 스톰 목소리), 양정화(장군 / 엄마 / M라인 목소리)",84분,"최신규, 김진철",9.28852119958635,967
686,172010,상류사회,2018,4.40,"박해일(장태준), 수애(오수연)",120분,변혁,6.019417475728155,824
687,132996,물괴,2018,4.50,"김명민(윤겸), 김인권(성한 / 물괴 목소리), 혜리(명)",105분,허종호,6.674591381872214,673
688,155356,미쓰백,2018,6.11,"한지민(백상아), 김시아(김지은), 이희준(장섭)",98분,이지원,9.29496402877698,417
689,174805,신비아파트: 금빛 도깨비와 비밀의 동굴,2018,6.00,"조현정(신비 목소리), 김영은(하리 목소리), 김채하(두리 목소리)",68분,김병갑,8.859649122807017,912
690,168058,퍼스트맨,2018,7.44,"라이언 고슬링(닐 암스트롱), 클레어 포이(자넷 암스트롱)",141분,데이미언 셔젤,8.102857142857143,350
691,171725,스파이더맨: 뉴 유니버스,2018,8.25,"샤메익 무어(마일스 모랄레스/스파이더맨 목소리), 헤일리 스테인펠드(스파이더 그웬 목소리), 니콜라스 케이지(스파이더맨 누아르 목소리)",117분,"밥 퍼시케티, 피터 램지, 로드니 로스맨",9.278207109737249,647
692,152661,메가로돈,2018,4.40,"제이슨 스타뎀(조나스 테일러), 레인 윌슨(잭 모리스)",113분,존 터틀타웁,7.575682382133995,403
693,158622,호두까기 인형과 4개의 왕국,2018,5.00,"키이라 나이틀리(슈가 플럼), 매켄지 포이(클라라), 헬렌 미렌(마더 진저)",99분,"라세 할스트롬, 조 존스톤",8.25,60
694,168023,곰돌이 푸 다시 만나 행복해,2018,6.33,"이완 맥그리거(크리스토퍼 로빈), 헤일리 앳웰(에블린 로빈), 마크 게티스(자일스 윈슬로우)",104분,마크 포스터,8.932584269662922,356
695,150688,그린치,2018,5.00,"베네딕트 컴버배치(그린치 목소리), 퍼렐 윌리엄스(내레이션)",89분,"스콧 모지어, 야로우 체니",8.592783505154639,1164
696,168050,스타 이즈 본,2018,7.43,"브래들리 쿠퍼(잭슨), 레이디 가가(앨리)",135분,브래들리 쿠퍼,9.24795081967213,488
697,164151,변산,2017,6.50,"박정민(학수), 김고은(선미)",123분,이준익,8.38,200
698,166610,동네사람들,2018,4.00,"마동석(역기철), 김새론(강유진)",99분,임진순,7.507317073170731,410
699,152156,원더풀 고스트,2018,4.83,"마동석(장수), 김영광(태진), 이유영(현지)",97분,조원희,8.281767955801104,181
700,173019,명탐정 코난 : 제로의 집행인,Detective Conan: Zero the Enforcer,6.00,"타카야마 미나미(에도가와 코난 일본어 목소리), 야마자키 와카나(모리 란 일본어 목소리), 코야마 리키야(모리 코고로 일본어 목소리)",110분,타치카와 유즈루,9.312621359223302,1030
701,180379,점박이 한반도의 공룡2 : 새로운 낙원,2018,7.00,"박희순(점박이 목소리), 라미란(송곳니 목소리), 김성균(싸이 목소리)",94분,한상호,9.183864915572233,533
702,176354,번 더 스테이지: 더 무비,2018,6.00,"RM(본인), 진(본인), 슈가(본인)",2018 .11.15 개봉,박준수,-,-
703,144266,후드,2018,4.75,"태런 에저튼(로빈 후드), 제이미 폭스(리틀 존), 벤 멘델슨(노팅엄 주 장관)",116분,오토 바서스트,8.297101449275363,276
704,172975,극장판 짱구는 못말려: 아뵤! 쿵후 보이즈 ~라면 대란~,Crayon Shin-chan Bu...,-,"박영남(짱구 목소리), 강희선(짱구 엄마/맹구 목소리), 김환진(짱구 아빠 목소리)",104분,타카하시 와타루,8.974789915966387,238
705,156496,모털 엔진,2018,5.50,"헤라 힐마(헤스터 쇼), 로버트 시한(톰 내츠워디), 휴고 위빙(테데우스 발렌타인)",128분,크리스찬 리버스,7.185430463576159,151
706,173692,바울,Apostle Of Christ,5.00,"제임스 폴크너(바울), 제임스 카비젤(누가)",107분,앤드류 하얏트,9.439655172413794,116
707,167602,나를 차버린 스파이,2018,5.80,"밀라 쿠니스(오드리), 케이트 맥키넌(모건)",117분,수잔나 포겔,8.375,16
708,172003,속닥속닥,2018,3.50,"소주연(여은하), 김민규(강민우)",91분,최상훈,9.620689655172415,29
709,164155,벽 속에 숨은 마법시계,2018,4.67,"잭 블랙(조나단), 케이트 블란쳇(플로렌스), 오웬 바카로(루이스)",105분,일라이 로스,8.204419889502763,181
710,174626,업그레이드,2018,6.67,로건 마샬 그린(그레이 트레이스),100분,리 워넬,-,-
711,180384,런닝맨 : 풀룰루의 역습,2018,6.00,"김서영(리우 목소리), 권창욱(쿠가 목소리), 엄상현(롱키 목소리)",67분,윤준상,7.547550432276657,347
712,172118,극장판 도라에몽: 진구의 보물섬,Doraemon the Movie: Nobita's Treasure Island,6.00,"윤아영(도라에몽 한국어 목소리), 김정아(진구 한국어 목소리), 조현정(이슬이 한국어 목소리)",108분,이마이 카즈아키,8.996078431372549,255
713,127335,더 프레데터,2018,4.00,"보이드 홀브룩(퀸 맥케나), 올리비아 문(케이시 브래킷), 트래반트 로즈(네브래스카 윌리엄스)",108분,셰인 블랙,7.639130434782609,230
714,172174,어느 가족,Shoplifters,8.13,"릴리 프랭키(오사무 시바타), 안도 사쿠라(노부요 시바타), 마츠오카 마유(아키 시바타)",121분,고레에다 히로카즈,9.263691683569979,493
715,172187,극장판 포켓몬스터 모두의 이야기,Pokemon the Movie: The Power of Us,7.00,"마츠모토 리카(사토시 목소리), 오오타니 이쿠에(피카츄 목소리)",98분,야지마 테츠오,9.240143369175627,279
716,170496,극장판 요괴워치 섀도사이드: 도깨비왕의 부활,Yo-Kai Watch 4,-,"여민정(윤단아 목소리), 한채언(천유성 목소리), 김지율(서도영 목소리)",103분,우시로 신지,8.858267716535433,127
717,168047,크레이지 리치 아시안,2018,6.50,"콘스탄스 우(레이첼 추), 헨리 골딩(닉 영), 양자경(엘레노어 영)",120분,존 추,7.906403940886699,203
718,158178,독전,2018,5.29,"조진웅(원호), 류준열(락), 김주혁(진하림)",123분,이해영,8.64006139677667,1303
719,171452,부탁 하나만 들어줘,2018,6.83,"블레이크 라이블리(에밀리), 안나 켄드릭(스테파니)",117분,폴 페이그,7.842105263157895,95
720,170879,할로윈,2018,7.43,"제이미 리 커티스(로리 스트로드), 주디 그리어(캐런)",106분,데이빗 고든 그린,7.299435028248587,177
721,175365,빅샤크: 매직체인지,2015,4.00,"이제인(메이 목소리), 장병관(빅샤크 목소리), 김사라(보보 목소리)",74분,헤 질리,7.793103448275862,58
722,144906,베일리 어게인,2017,5.40,"조시 게드(베일리/ 엘리/ 티노/ 버디 목소리), 데니스 퀘이드(이든), K.J. 아파(십대 이든)",100분,라세 할스트롬,9.442553191489361,235
723,178214,루이스,2018,6.00,"캘럼 말로니(루이스 목소리), 더모트 마제니스(아민 / 와보 목소리), 폴 타이랙(내그 / 미스터 윈터 / 빌 목소리)",85분,"울프강 라우엔슈타인, 크리스토프 라우엔슈타인",8.675,200
724,158620,셜록 놈즈,2018,4.50,"조니 뎁(셜록 놈즈 목소리), 에밀리 블런트(줄리엣 목소리), 제임스 맥어보이(노미오 목소리)",86분,존 스티븐슨,8.276785714285714,112
725,172344,신은 죽지 않았다 3: 어둠 속의 빛,2018,5.00,"데이빗 A.R. 화이트(데이빗 힐), 존 코베트(피어스 힐), 쉐인 하퍼(조쉬 휘튼)",105분,마이클 메이슨,8.9375,48
726,179139,출국,2018,4.00,이범수(오영민),105분,노규엽,9.31578947368421,152
727,168030,호텔 아르테미스,2018,5.00,"조디 포스터(진 토마스), 데이브 바티스타(에버레스트), 소피아 부텔라(니스)",94분,드류 피어스,7.18,50
728,171499,마일 22,2018,4.00,"마크 월버그(실바), 로렌 코핸(앨리스), 이코 우웨이스(리 누르)",95분,피터 버그,7.91764705882353,85
729,171750,여곡성,2018,3.75,"서영희(신씨부인), 손나은(옥분), 이태리(해천비)",94분,유영선,5.75,4
730,152694,킬링 디어,2017,7.14,"콜린 파렐(스티븐 머피), 니콜 키드먼(안나 머피), 배리 케오간(마틴)",121분,요르고스 란티모스,7.90625,32
731,169642,엘리엇과 산타 썰매단,2018,5.50,"최원형(엘리엇 한국어 목소리), 장경희(헤이즐 한국어 목소리), 조쉬 허처슨(엘리엇 목소리)",90분,제니퍼 웨스트콧,6.782608695652174,69
732,172768,어드리프트:우리가 함께한 바다,2018,6.50,"쉐일린 우들리(태미), 샘 클라플린(리처드)",97분,발타자르 코루마쿠르,8.98360655737705,61
733,92125,헌터 킬러,2018,5.00,"제라드 버틀러(캡틴 조 글래스), 게리 올드만(찰스 도네건)",121분,도노반 마시,8.90566037735849,53
734,179683,번개맨의 비밀,2018,-,"서홍석(번개맨), 김혜원(번개걸/제나), 유수호(마리오/소방서장)",69분,강유선,8.721153846153847,104
735,178434,폴란드로 간 아이들,2018,6.20,"이송(본인), 추상미(본인)",79분,추상미,9.635294117647058,85
736,172194,나츠메 우인장: 세상과 연을 맺다,Natsume Yujin-cho the Movie: Ephemeral Bo...,-,"카미야 히로시(나츠메 타카시), 이노우에 카즈히코(야옹 선생/마다라), 코바야시 사나에(나츠메 레이코)",104분,"오오모리 타카히로, 이토 히데키",-,-
737,178426,에그엔젤 코코밍: 두근두근 핼러윈 파티,2018,-,[국내] 전체 관람가,68분,닛타 노리오,-,-
738,177335,타샤 튜더,2017,6.00,타샤 튜더(본인),104분,마츠타니 미츠에,9.452380952380953,42
739,177379,플로이,2018,5.00,하하(플로이 아빠 목소리),83분,아르니 올라푸르 아스게이르손,8.166666666666666,66
740,178402,다이노 어드벤처2: 육해공 공룡 대백과,2018,-,[국내] 전체 관람가,71분,마이크 데블린,5.2439024390243905,82
741,178445,극장판 뽀잉: 슈퍼 변신의 비밀,2018,7.00,"전태열(뽀잉 목소리), 엄상현(하이에나 박사 목소리), 홍소영(몽바 목소리)",72분,정미화,8.035714285714286,28
742,174807,배반의 장미,2018,3.00,"김인권(안병남), 정상훈(육심선), 손담비(이미지)",99분,박진영,8.484536082474227,97
743,172113,이별의 아침에 약속의 꽃을 장식하자,Maquia: When the Promised Flower Blooms,6.60,"이와미 마나카(마키아 목소리), 이리노 미유(아리엘 목소리), 카야노 아이(레일리야 목소리)",115분,오카다 마리,9.0,19
744,154653,툴리,2018,7.60,"샤를리즈 테론(마를로), 맥켄지 데이비스(툴리)",95분,제이슨 라이트맨,8.590909090909092,22
745,170859,"오늘 밤, 로맨스 극장에서",Color Me True,5.40,"아야세 하루카(미유키), 사카구치 켄타로(켄지)",109분,타케우치 히데키,8.283783783783784,74
746,177381,펭귄 하이웨이,Penguin Highway,5.67,"아오이 유우, 키타 카나, 쿠기미야 리에",118분,이시다 히로야스,7.266666666666667,45
747,167651,극한직업,2018,6.80,"류승룡(고반장), 이하늬(장형사), 진선규(마형사)",111분,이병헌,9.346142116498932,3279
748,136900,어벤져스: 엔드게임,2019,7.62,"로버트 다우니 주니어(토니 스타크 / 아이언맨), 크리스 에반스(스티브 로저스 / 캡틴 아메리카), 크리스 헴스워스(토르)",181분,"안소니 루소, 조 루소",9.52442096708655,24610
749,161967,기생충,2019,9.06,"송강호(기택), 이선균(동익), 조여정(연교)",131분,봉준호,9.116782675947409,2586
750,163788,알라딘,2019,6.00,"메나 마수드(알라딘), 윌 스미스(지니), 나오미 스콧(자스민)",128분,가이 리치,9.495961227786752,619
751,132623,캡틴 마블,2019,6.86,"브리 라슨(캐럴 댄버스 / 비어스 / 캡틴 마블), 사무엘 L. 잭슨(닉 퓨리), 벤 멘델슨(탈로스 / 켈러)",123분,"애너 보든, 라이언 플렉",8.304741833508956,4745
752,163608,돈,2018,5.50,"류준열(조일현), 유지태(번호표), 조우진(한지철)",115분,박누리,8.458333333333334,2040
753,177967,악인전,The Cop,5.71,"마동석(장동수), 김무열(정태석), 김성규(강경호)",110분,이원태,8.780757097791797,634
754,167699,말모이,2018,5.86,"유해진(김판수), 윤계상(류정환)",135분,엄유나,9.29086389061529,1609
755,177374,증인,2018,6.00,"정우성(순호), 김향기(지우)",129분,이한,9.216358839050132,758
756,167099,사바하,SVAHA : THE SIXTH FINGER,6.89,"이정재(박목사), 박정민(정나한), 이재인(금화/그것)",122분,장재현,7.795226130653266,796
757,101966,토이 스토리 4,2019,8.09,"톰 행크스(우디 목소리), 팀 알렌(버즈 라이트이어 목소리), 애니 파츠(보 핍 목소리)",100분,조시 쿨리,9.277322404371585,732
758,66728,알리타: 배틀 엔젤,2018,7.14,"로사 살라자르(알리타), 크리스토프 왈츠(닥터 다이슨 이도), 키언 존슨(휴고)",122분,로버트 로드리게즈,8.889075630252101,1190
759,164172,내안의 그놈,2018,4.00,"진영(동현), 박성웅(판수), 라미란(미선)",122분,강효진,8.97452229299363,628
760,164173,뺑반,2018,5.25,"공효진(시연), 류준열(민재), 조정석(재철)",133분,한준희,7.299155609167672,829
761,152632,주먹왕 랄프 2: 인터넷 속으로,2018,7.25,"존 C. 라일리(랄프 목소리), 사라 실버맨(바넬로피 목소리), 제인 린치(칼훈 목소리)",112분,"필 존스턴, 리치 무어",8.977810650887575,676
762,174065,걸캅스,2018,5.17,"라미란(박미영), 이성경(조지혜)",107분,정다원,9.164383561643836,365
763,109193,드래곤 길들이기 3,2019,6.71,"제이 바루첼(히컵 목소리), 아메리카 페레라(아스트리드 목소리), 케이트 블란쳇(발카 목소리)",104분,딘 데블로이스,9.283582089552239,737
764,181414,어스,2019,7.22,"루피타 뇽(애들레이드 윌슨/레드), 윈스턴 듀크(게이브 윌슨/아브라함), 엘리자베스 모스(키티 타일러/달리아)",116분,조던 필,7.80802437785678,1969
765,175366,나의 특별한 형제,2018,6.44,"신하균(세하), 이광수(동구), 이솜(미현)",114분,육상효,9.287037037037036,432
766,174050,생일,2018,6.89,"설경구(정일), 전도연(순남)",120분,이종언,9.017738359201774,451
767,182360,항거:유관순 이야기,2019,6.20,"고아성(유관순), 김새벽(김향화), 김예은(권애라)",105분,조민호,9.429969879518072,1328
768,179125,롱 리브 더 킹: 목포 영웅,2019,5.00,"김래원(장세출), 원진아(강소현), 진선규(조광춘)",118분,강윤성,8.77471264367816,435
769,164125,엑스맨: 다크 피닉스,2019,5.67,"제임스 맥어보이(찰스 자비에 / 프로페서 X), 마이클 패스벤더(에릭 랜셔 / 매그니토), 제니퍼 로렌스(레이븐 다크홈 / 미스틱)",114분,사이먼 킨버그,7.934210526315789,456
770,97631,맨 인 블랙: 인터내셔널,2019,4.86,"크리스 헴스워스(에이전트 H), 테사 톰슨(에이전트 M)",115분,F. 게리 그레이,7.008333333333334,240
771,183136,뽀로로 극장판 보물섬 대모험,2019,7.00,"이선(뽀로로 목소리), 이미자(크롱 목소리), 김현지(에디 목소리)",79분,"김현호, 윤창섭",9.38423645320197,1421
772,167657,명탐정 피카츄,2019,5.50,"라이언 레이놀즈(명탐정 피카츄), 저스티스 스미스(팀 굿맨)",104분,롭 레터맨,8.777777777777779,216
773,181698,존 윅 3: 파라벨룸,2019,6.88,키아누 리브스(존 윅),131분,채드 스타헬스키,8.647260273972602,584
774,140649,샤잠!,2019,5.71,"제커리 레비(샤잠), 애셔 앤젤(빌리 뱃슨)",132분,데이비드 F. 샌드버그,7.795144157814871,659
775,181554,극장판 헬로카봇:옴파로스 섬의 비밀,2019,7.00,"이지현(차탄 목소리), 김용준(차산/코어 목소리)",78분,"최신규, 김진철",9.024436090225564,1064
776,180425,이스케이프 룸,2019,5.33,"테일러 러셀(조이 데이비스), 로건 밀러(벤 밀러), 제이 엘리스(제이슨 워커)",100분,애덤 로비텔,7.986870897155361,457
777,163826,글래스,-,6.33,"제임스 맥어보이, 브루스 윌리스, 사무엘L.잭슨",129분,M. 나이트 샤말란,8.12863070539419,482
778,171539,그린 북,2018,7.29,"비고 모텐슨(토니 발레롱가), 마허샬라 알리(돈 셜리 박사)",130분,피터 패럴리,9.523364485981308,214
779,180381,장난스런 키스,Fall in Love at First Kiss,4.75,"왕대륙(장즈수), 임윤(위안샹친)",122분,프랭키 첸,8.566666666666666,240
780,181411,해피 데스데이 2 유,2019,6.00,"제시카 로테(트리 겔브먼), 이스라엘 브로우사드(카터 데이비스), 피 부(라이언)",100분,크리스토퍼 랜던,8.399491094147583,393
781,180372,극장판 공룡메카드: 타이니소어의 섬,2018,5.00,"김서영(트리케라 목소리), 엄상현(티라노 목소리), 안현서(나용찬 목소리)",70분,"최신규, 유재운",9.187282229965156,1148
782,137327,고질라: 킹 오브 몬스터,2019,5.20,"밀리 바비 브라운(매디슨 러셀), 베라 파미가(엠마 러셀), 카일 챈들러(마크 러셀)",132분,마이클 도허티,8.11111111111111,288
783,163787,덤보,2019,6.00,"콜린 파렐(홀트 패리어), 마이클 키튼(V. A. 반데비어), 대니 드비토(맥스 메디치)",111분,팀 버튼,9.25212947189097,587
784,180220,러브 유어셀프 인 서울,2018,-,[국내] 전체 관람가,113분,"RM(본인), 진(본인), 슈가(본인)",-,-
785,164200,헬보이,2019,5.40,"데이빗 하버(헬보이), 밀라 요보비치(피의 여왕 니무에)",121분,닐 마샬,7.951807228915663,415
786,171785,미성년,2018,7.15,"염정아(영주), 김소진(미희), 김혜준(주리)",96분,김윤석,8.418181818181818,220
787,183850,애나벨 집으로,2019,4.00,"패트릭 윌슨(에드 워렌), 베라 파미가(로랭 워렌), 맥케나 그레이스(주디 워렌)",106분,게리 도버먼,7.5,166
788,177483,배심원들,2018,6.67,"문소리(재판장 김준겸), 박형식(권남우)",114분,홍승완,9.25,96
789,181959,신데렐라:마법 반지의 비밀,2018,4.00,"사문영(엘라 목소리), 김혜성(알렉스 목소리), 남도형(매니 목소리)",87분,린 사우더랜드,7.677551020408163,245
790,153580,악질경찰,2018,4.29,"이선균(조필호), 전소니(미나), 박해준(권태주)",127분,이정범,7.281081081081081,185
791,169078,기묘한 가족,2018,5.71,"정재영(준걸), 김남길(민걸), 엄지원(남주)",112분,이민재,7.695431472081219,197
792,151151,메리 포핀스 리턴즈,2018,6.67,"에밀리 블런트(메리 포핀스), 린-마누엘 미란다(잭), 벤 위쇼(마이클 뱅크스)",130분,롭 마샬,8.702127659574469,282
793,180399,요로나의 저주,2019,4.00,린다 카델리니(애나),93분,마이클 차베즈,7.94,200
794,180169,어린 의뢰인,2019,5.25,"이동휘(정엽), 유선(지숙), 최명빈(다빈)",114분,장규성,9.232876712328768,73
795,152344,언니,2018,4.00,"이시영(박인애), 박세완(박은혜), 이준혁(한정우)",94분,임경택,7.34453781512605,119
796,144318,언더독,2018,7.00,"디오(뭉치 목소리), 박소담(밤이 목소리), 박철민(짱아 목소리)",102분,"오성윤, 이춘백",9.472222222222221,216
797,183836,천로역정: 천국을 찾아서,2019,5.00,"존 라이스 데이비스, 벤 프라이스",113분,로버트 페르난데스,9.551020408163266,49
798,161984,우상,Idol,5.63,"한석규(명회), 설경구(중식), 천우희(련화)",144분,이수진,6.6838235294117645,136
799,179875,비스트,2019,4.57,"이성민(정한수), 유재명(한민태), 전혜진(춘배)",130분,이정호,8.491150442477876,226
800,159070,자전차왕 엄복동,2018,4.17,"비(엄복동), 강소라(김형신), 이범수(황재호)",116분,김유성,7.547169811320755,159
801,148909,더 페이버릿: 여왕의 여자,2018,8.20,"올리비아 콜맨(앤 여왕), 엠마 스톤(애비게일 힐), 레이첼 와이즈(사라 제닝스)",119분,요르고스 란티모스,8.874193548387098,310
802,174830,가버나움,Capernaum,7.33,"자인 알 라피아(자인), 요르다노스 시프로우(라힐)",126분,나딘 라바키,9.568181818181818,220
803,177371,0.0MHz,2018,3.33,"정은지(소희), 이성열(상엽), 최윤영(윤정)",102분,유선동,7.423728813559322,59
804,168045,바이스,2018,7.00,크리스찬 베일(딕 체니),132분,아담 맥케이,8.921052631578947,38
805,48233,명탐정 코난:전율의 악보,-,6.0,"타카야마 미나미, 야마자키 와카나, 쿠와시마 호우코",116분,야마모토 야스이치로,-,-
806,172137,미래의 미라이,-,6.5,"카미시라이시 모카, 쿠로키 하루",98분,호소다 마모루,7.4,135
807,181704,로켓맨,2019,6.80,태런 에저튼(엘튼 존),121분,덱스터 플레처,9.315217391304348,92
808,181419,공포의 묘지,-,6.0,"제이슨 클락, 존 리스고, 에이미 세이메츠",101분,"케빈 콜쉬, 데니스 위드미어",6.355555555555555,90
809,159845,크게 될 놈,2018,4.50,"김해숙(순옥), 손호준(기강)",108분,강지은,9.176923076923076,130
810,181409,콜드 체이싱,2019,7.50,"리암 니슨(넬스 콕스맨), 톰 베이트먼(바이킹)",118분,한스 페터 몰란트,7.278688524590164,61
811,179974,라스트 미션,2018,7.20,"클린트 이스트우드(얼 스톤), 타이사 파미가(지니), 브래들리 쿠퍼(콜린 베이츠)",116분,클린트 이스트우드,8.966666666666667,120
812,168096,아이 엠 마더,2018,5.25,제니퍼 가너(라일리 노스),102분,피에르 모렐,8.492537313432836,67
813,181912,파이브 피트,2019,5.00,"헤일리 루 리차드슨(스텔라), 콜 스프로즈(윌)",116분,저스틴 밸도니,9.013333333333334,75
814,183132,교회오빠,2019,-,"이관희(본인), 오은주(본인), 이소연(본인)",85분,이호경,9.894736842105264,38
815,149278,구스 베이비,2018,5.00,"전현무(잭 한국어 목소리), 유아(오키 한국어 목소리), 박성광(칼 한국어 목소리)",89분,크리스토퍼 젠킨스,9.05952380952381,84
816,125438,레고 무비2,2019,6.25,"크리스 프랫(에밋/터프가이 렉스 목소리), 엘리자베스 뱅크스(루시 목소리), 윌 아넷(배트맨 목소리)",107분,마이크 미첼,8.767295597484276,159
817,142266,그대 이름은 장미,2018,6.50,"유호정(장미), 박성웅(명환), 오정세(순철)",126분,조석현,7.8474576271186445,59
818,167629,"어쩌다, 결혼",2018,4.50,"김동욱(정성석), 고성희(박해주)",87분,"박호찬, 박수진",7.578947368421052,76
819,165022,호텔 뭄바이,2018,6.20,"데브 파텔(아르준), 아미 해머(데이빗), 나자닌 보니아디(자흐라)",123분,안소니 마라스,9.0,26
820,182348,로망,2019,5.50,"이순재(조남봉), 정영숙(이매자), 조한철(조진수)",112분,이창근,8.96078431372549,51
821,183820,사탄의 인형,-,4.0,"가브리엘 베이트먼, 마크 해밀, 오브리 플라자",90분,라스 클리브버그,6.758620689655173,29
822,182407,1919 유관순,2019,3.00,"이새봄(유관순), 양윤희(어윤희), 김나니(권애라)",79분,신상민,8.3125,16
823,173667,왓칭,2019,4.00,"강예원(영우), 이학주(준호)",97분,김성기,8.34862385321101,109
824,171533,콜레트,2018,6.00,"키이라 나이틀리(콜레트), 도미닉 웨스트(윌리)",112분,워시 웨스트모어랜드,8.77310924369748,119
825,183870,빅샤크2: 해저2만리,2018,6.00,"장병관(빅샤크 한국어 목소리), 김소희(메이 한국어 목소리)",75분,신우,7.958333333333333,24
826,182012,어글리 돌,2019,6.00,"켈리 클락슨(모씨 목소리), 닉 조나스(루 목소리), 자넬 모네(맨디 목소리)",87분,켈리 애스버리,8.942307692307692,52
827,179033,슈퍼미니 2,Minuscule: Mandibles From Far Aw...,7.67,"브루노 살로몬, 티에리 프레몽",92분,"토마스 자보, 헬레네 지라드",7.5,38
828,169263,페이트 스테이 나이트 헤븐즈필 제2장 로스트 버터플라이,2019,-,"스기야마 노리아키(에미야 시로 목소리), 시타야 노리코(마토 사쿠라 목소리), 카미야 히로시(마토 신지 목소리)",117분,스도 토모노리,9.460843373493976,332
829,167053,업사이드,2017,5.80,"브라이언 크랜스톤(필립), 케빈 하트(델), 니콜 키드먼(이본)",126분,닐 버거,9.772727272727273,22
830,151747,쿠르스크,2018,6.20,"마티아스 쇼에나에츠(미하일 카레코프), 콜린 퍼스(데이빗 러셀), 레아 세이두(타냐 카레코프)",118분,토마스 빈터베르그,9.6,5
831,179318,일일시호일,Every Day a Good Day,7.00,"키키 키린(다케타), 쿠로키 하루(노리코), 타베 미카코(미치코)",100분,오모리 타츠시,8.91358024691358,162
832,167054,더 와이프,2017,6.75,"글렌 클로즈(조안 캐슬먼), 조나단 프라이스(조셉 캐슬먼)",100분,비욘 룬게,8.453488372093023,86
833,181717,칠곡 가시나들,2018,6.60,"박금분(본인), 곽두조(본인), 강금연(본인)",100분,김재환,9.283018867924529,53
834,168056,몬스터 파크,2018,6.00,"릴리 콜린스(새벽 공주 목소리), 토비 켑벨(테리 목소리), 이안 맥쉐인(그럼프 목소리)",86분,"안드레스 코투리어, 토드 레스닉",7.584905660377358,53
835,137865,세상을 바꾼 변호인,2018,5.75,"펠리시티 존스(루스 베이더 긴즈버그), 아미 해머(마틴 긴즈버그)",120분,미미 레더,8.846153846153847,13
836,136873,겨울왕국 2,2019,6.75,"크리스틴 벨(안나 목소리), 이디나 멘젤(엘사 목소리)",103분,"크리스 벅, 제니퍼 리",8.954081632653061,1764
837,174903,엑시트,2019,7.23,"조정석(용남), 윤아(의주)",103분,이상근,9.086271567891973,1333
838,173123,스파이더맨: 파 프롬 홈,2019,6.56,"톰 홀랜드(피터 파커 / 스파이더맨 ), 사무엘 L. 잭슨(닉 퓨리), 젠다야 콜맨(미쉘 존스)",129분,존 왓츠,9.073556231003039,1645
839,187940,백두산,2019,5.67,"이병헌(리준평), 하정우(조인창), 마동석(강봉래)",128분,"이해준, 김병서",7.844660194174757,1133
840,167613,조커,2019,7.64,호아킨 피닉스(아서 플렉 / 조커),123분,토드 필립스,9.094818081587652,1814
841,178526,봉오동 전투,The Battle: Roar to Victory,5.30,"유해진(황해철), 류준열(이장하), 조우진(마병구)",135분,원신연,9.229327453142227,907
842,169637,라이온 킹,2019,6.00,"도날드 글로버(심바 목소리), 비욘세(날라 목소리), 제임스 얼 존스(무파사 목소리)",118분,존 파브로,8.668552036199095,884
843,177909,나쁜 녀석들: 더 무비,2019,4.83,"마동석(박웅철), 김상중(오구탁), 김아중(곽노순)",114분,손용호,8.485527544351074,1071
844,179482,82년생 김지영,BORN 1982,6.79,"정유미(지영), 공유(대현)",118분,김도영,9.485499462943071,931
845,182355,분노의 질주: 홉스&쇼,2019,6.00,"드웨인 존슨(루크 홉스), 제이슨 스타뎀(데카드 쇼), 이드리스 엘바(브릭스턴)",136분,데이빗 레이치,9.019567456230691,971
846,182205,가장 보통의 연애,2019,6.33,"김래원(재훈), 공효진(선영)",109분,김한결,8.914076782449726,547
847,183876,시동,2019,6.00,"마동석(거석이형), 박정민(고택일), 정해인(우상필)",102분,최정열,8.91994750656168,762
848,189053,블랙머니,2019,6.00,"조진웅(양민혁), 이하늬(김나리)",113분,정지영,9.109154929577464,284
849,167605,터미네이터: 다크 페이트,2019,6.43,"맥켄지 데이비스(그레이스), 아놀드 슈왈제네거(터미네이터), 린다 해밀턴(사라 코너)",128분,팀 밀러,8.695592286501377,726
850,96951,타짜: 원 아이드 잭,2019,5.43,"박정민(도일출), 류승범(애꾸), 최유화(마돈나)",139분,권오광,7.076327433628318,904
851,179159,신의 한 수: 귀수편,2019,5.00,"권상우(귀수), 김희원(똥선생), 김성균(허일도)",106분,리건,8.993224932249323,738
852,180351,변신,2019,4.50,"배성우(박중수), 성동일(박강구), 장영남(최명주)",113분,김홍선,8.124497991967871,498
853,178544,사자,2019,4.78,"박서준(용후), 안성기(안신부), 우도환(지신)",129분,김주환,8.244784422809458,719
854,167635,말레피센트 2,2019,5.67,"안젤리나 졸리(말레피센트), 엘르 패닝(오로라), 미셸 파이퍼(잉그리스 왕비)",119분,요아킴 뢰닝,8.996296296296297,270
855,179158,유열의 음악앨범,2019,7.13,"김고은(미수), 정해인(현우)",122분,정지우,8.095132743362832,452
856,181710,포드 V 페라리,2019,7.63,"맷 데이먼(캐롤 셸비), 크리스찬 베일(켄 마일스)",152분,제임스 맨골드,9.344036697247706,218
857,175316,"힘을 내요, 미스터 리",MR. LEE,5.17,"차승원(철수), 엄채영(샛별), 박해준(영수)",111분,이계벽,8.467213114754099,366
858,180390,퍼펙트맨,2018,5.00,"설경구(장수), 조진웅(영기)",116분,용수,8.858757062146893,177
859,159806,장사리 : 잊혀진 영웅들,2019,5.00,"김명민(이명준), 최민호(최성필), 김성철(기하륜)",104분,"곽경택, 김태훈",8.503472222222221,288
860,180374,마이펫의 이중생활 2,-,6.0,"패튼 오스왈트, 케빈 하트, 제니 슬레이트",85분,크리스 리노드,9.080555555555556,360
861,187349,쥬만지: 넥스트 레벨,2019,6.00,"드웨인 존슨, 잭 블랙, 케빈 하트",122분,제이크 캐스단,8.176724137931034,232
862,181381,천문: 하늘에 묻는다,2018,6.70,"최민식(장영실), 한석규(세종)",2019 .12.26 개봉,허진호,9.022116903633492,633
863,173668,나랏말싸미,2019,6.45,"송강호(세종대왕), 박해일(신미 스님), 전미선(소헌왕후)",110분,조철현,7.311239193083574,347
864,164907,레드슈즈,2019,6.00,"클로이 모레츠(스노우 화이트 목소리), 샘 클라플린(멀린 목소리), 지나 거손(레지나 목소리)",92분,홍성호,9.267543859649123,228
865,185933,캣츠,-,4.75,"제니퍼 허드슨, 테일러 스위프트, 이드리스 엘바",109분,톰 후퍼,6.825991189427313,454
866,189046,신비아파트 극장판 하늘도깨비 대 요르문간드,2019,6.00,"조현정(신비 목소리), 양정화(금비 목소리), 김영은(하리 목소리)",97분,변영규,8.762626262626263,198
867,189000,나이브스 아웃,2019,7.00,"다니엘 크레이그(브누아 블랑), 크리스 에반스(랜섬), 아나 디 아르마스(마르타)",130분,라이언 존슨,8.893333333333333,75
868,181114,날씨의 아이,Weathering With You,6.57,"다이고 코타로(호다카 모리시마 목소리), 모리 나나(히나 아마노 목소리), 오구리 슌(스가 케이스케 목소리)",112분,신카이 마코토,8.290909090909091,275
869,116234,나를 찾아줘,2014,8.00,"벤 애플렉(닉 던), 로자먼드 파이크(에이미 던)",149분,데이빗 핀처,8.244736842105263,380
870,167653,광대들: 풍문조작단,2019,4.57,"조진웅(덕호), 손현주(한명회), 박희순(세조)",108분,김주호,8.127272727272727,165
871,167560,그것: 두 번째 이야기,2019,6.75,"빌 스카스가드(페니와이즈), 제임스 맥어보이(빌), 제시카 차스테인(베벌리)",169분,안드레스 무시에티,8.112612612612613,222
872,187366,극장판 헬로카봇 : 달나라를 구해줘!,2019,5.00,"이지현(차탄 / 모나 한국어 목소리), 김용준(아빠 한국어 목소리), 양정화(엄마 / 장군 한국어 목소리)",76분,"최신규, 김진철",7.5,146
873,187629,양자물리학,2019,4.80,"박해수(이찬우), 서예지(성은영), 김상호(박기헌)",119분,이성태,8.615384615384615,221
874,159887,애드 아스트라,2019,7.38,브래드 피트(로이 맥브라이드),123분,제임스 그레이,8.4640522875817,306
875,187161,47미터 2,2019,4.00,"소피 넬리스(미아), 시스틴 로즈 스탤론(니콜), 브리안느 쥬(알렉사)",90분,요하네스 로버츠,8.397321428571429,224
876,171752,감쪽같은 그녀,2019,5.00,"나문희(말순), 김수안(공주)",104분,허인무,9.047619047619047,126
877,172764,제미니 맨,2019,5.00,윌 스미스(헨리 / 주니어),117분,이안,8.935483870967742,186
878,187051,브링 더 소울 : 더 무비,2019,-,"RM(본인), 진(본인), 슈가(본인)",103분,박준수,9.737113402061855,194
879,184357,아담스 패밀리,2019,6.33,"샤를리즈 테론(모티시아 목소리), 클로이 모레츠(웬즈데이 목소리), 오스카 아이삭(고메즈 목소리)",87분,"그렉 티어난, 콘래드 버논",8.526315789473685,57
880,183110,예스터데이,2019,5.86,"히메쉬 파텔(잭 말릭), 릴리 제임스(엘리 애플턴)",116분,대니 보일,8.60625,160
881,180209,기방도령,2019,4.40,"준호(허색), 정소민(해원), 최귀화(육갑)",110분,남대중,7.87962962962963,108
882,172836,원스 어폰 어 타임... 인 할리우드,2019,7.90,"레오나르도 디카프리오(릭 달튼), 브래드 피트(클리프 부스), 마고 로비(샤론 테이트)",161분,쿠엔틴 타란티노,8.068441064638783,263
883,189260,라스트 크리스마스,2019,5.50,"에밀리아 클라크(케이트), 헨리 골딩(톰)",103분,폴 페이그,7.666666666666667,30
884,182001,명탐정 코난: 감청의 권,Detective Conan: The Fist of ...,6.00,"타카야마 미나미, 야마자키 와카나, 코야마 리키야",109분,나가오카 치카,8.444444444444445,63
885,140656,커런트 워,2017,5.50,"베네딕트 컴버배치(토머스 에디슨), 톰 홀랜드(사무엘 인설), 니콜라스 홀트(니콜라 테슬라)",108분,알폰소 고메즈-레존,6.5,6
886,154672,"안녕, 티라노: 영원히, 함께",Forever,6.00,"시영준(티라노 목소리), 정혜원(프논 목소리), 이세은(톱스 목소리)",98분,시즈노 코분,8.67,100
887,167599,앵그리 버드 2: 독수리 왕국의 침공,2019,6.00,"제이슨 서디키스(레드 목소리), 조시 게드(척 목소리), 대니 맥브라이드(밤 목소리)",96분,서럽 밴 오먼,9.1125,80
888,168092,롱 샷,2019,5.50,"샤를리즈 테론(샬롯 필드), 세스 로건(프레드 플라스키)",125분,조나단 레빈,9.293103448275861,116
889,163831,엔젤 해즈 폴른,2019,5.00,"제라드 버틀러(마이크 배닝), 모건 프리먼(트럼불 대통령)",121분,릭 로먼 워,9.256410256410257,78
890,175404,두번할까요,AGAIN,3.50,"권상우(현우), 이정현(선영), 이종혁(상철)",112분,박용집,8.046875,64
891,174834,진범,2018,6.33,"송새벽(이영훈), 유선(정다연)",100분,고정욱,7.829268292682927,82
892,179307,벌새,2018,8.38,"박지후(은희), 김새벽(영지)",138분,김보라,10.0,2
893,190395,눈의 여왕4,The Snow Queen: Mirrorlands,6.00,"양정화(눈의 여왕 한국어 목소리), 박지윤(겔다 한국어 목소리), 임채헌(헤럴드 한국어 목소리)",87분,"로버트 렌스, 알렉세이 트시칠린",9.246153846153845,65
894,183803,크롤,2019,5.75,"카야 스코델라리오(헤일리), 배리 페퍼(데이브)",87분,알렉산드르 아야,8.366197183098592,71
895,183783,극장판 엉덩이 탐정: 화려한 사건 수첩,Butt Detective The Movie,6.00,"김은아(엉덩이탐정 목소리), 소연(브라운 목소리)",68분,히라야마 미호,6.846153846153846,39
896,74407,좀비랜드: 더블 탭,2019,6.50,"우디 해럴슨(탤러해시), 제시 아이젠버그(콜럼버스), 아비게일 브레스린(리틀록)",99분,루벤 플레셔,8.549019607843137,51
897,186615,미드웨이,2019,5.50,"에드 스크레인(딕 베스트), 패트릭 윌슨(레이튼), 루크 에반스(맥클러스키)",136분,롤랜드 에머리히,8.766129032258064,248
898,183122,프린스 코기,2019,6.00,"심규혁(렉스 목소리), 김리흔(아기 렉스 목소리), 엄상현(잭 목소리)",82분,"벤 스타센, 빈센트 케스텔루트",9.3625,80
899,182387,윤희에게,2019,6.71,"김희애(윤희), 김소혜(새봄), 성유빈(경수)",105분,임대형,9.428571428571429,77
900,171465,안나,2018,5.00,"사샤 루스(안나), 킬리언 머피(레너드), 루크 에반스(알렉스)",119분,뤽 베송,8.277777777777779,54
901,129282,람보 : 라스트 워,2019,3.00,실베스터 스탤론(람보),101분,애드리언 그런버그,8.583333333333334,36
902,191645,원더랜드,2020,-,"정유미, 최우식, 수지",-,김태용,-,-
903,177510,암전,2018,5.25,"서예지(박미정), 진선규(김재현)",86분,김진원,5.482758620689655,29
904,187508,소피와 드래곤: 마법책의 비밀,The Princess and The Dragon,5.00,"정유정(소피 목소리), 김명준(드랙스 목소리)",72분,마리나 네페도바,5.217391304347826,23
905,190244,러브 앳,Love at Second Sight,6.00,"프랑수아 시빌(라파엘), 조세핀 자피(올리비아)",118분,위고 젤랭,10.0,2
906,181584,아내를 죽였다,2019,-,"이시언(채정호), 안내상(최대연 경위), 왕지혜(정미영)",97분,김하라,8.666666666666666,48
907,182014,미드소마,2019,7.20,"플로렌스 퓨(대니), 잭 레이너(크리스티안), 윌 폴터(마크)",170분,아리 에스터,7.625,80
908,185131,김복동,2019,6.60,"김복동(본인), 한지민(내레이션)",101분,송원근,9.9,50
909,190377,카운트다운,2019,3.00,"엘리자베스 라일(퀸 해리스), 피터 파시넬리(설리번 박사), 탈리타 베이트먼(조단 해리스)",90분,저스틴 덱,-,-
910,185913,극장판 반지의 비밀일기,2019,7.00,"방연지(반지 목소리), 김선혜(응심 목소리), 조경이(냠냠 목소리)",72분,한승우,9.333333333333334,9
911,164160,몬스터 하우스,2017,-,"베키 지(클로이 목소리), 조쉬 펙(리암 목소리), 올리비아 홀트(브리트니 목소리)",85분,피터 레페니오티스,9.0,1
912,185912,닥터 슬립,2019,7.50,"이완 맥그리거(대니 토렌스), 레베카 퍼거슨(로즈 더 햇), 카일리 커란(아브라 스톤)",152분,마이크 플래너건,8.923076923076923,52
913,181700,안녕 베일리,2019,5.50,"조시 게드(베일리 목소리), 데니스 퀘이드(이든), 캐서린 프레스콧(씨제이)",109분,게일 맨쿠소,10.0,3
914,181694,애프터,2019,5.00,"히어로 파인즈 티핀(하딘 스콧), 조세핀 랭포드(테사 영)",105분,제니 게이지,8.03448275862069,29
915,183994,더 룸,2019,5.67,"올가 쿠릴렌코(케이트), 케빈 얀센스(맷)",100분,크리스티안 볼크만,9.1,10
916,185450,우리집,2019,6.90,"김나연(하나), 김시아(유미), 주예림(유진)",92분,윤가은,9.148936170212766,47
917,188473,허슬러,2019,6.33,"제니퍼 로페즈(라모나), 콘스탄스 우(데스티니), 릴리 라인하트(애나벨)",110분,로렌 스카파리아,8.0,19
918,189140,빅트립: 아기팬더 배달 대모험,Big Trip,-,"한으뜸(믹믹 한국어 목소리), 장다운(오스카 한국어 목소리)",82분,바실리 로벤스키,5.5,10
919,144787,레플리카,2018,4.00,"키아누 리브스(윌 포스터), 앨리스 이브(모나 포스터), 토머스 미들디치(에드 휘틀)",107분,제프리 나크마노프,8.512820512820513,39
920,188060,파비안느에 관한 진실,The Truth,6.86,"까뜨린느 드뇌브(파비안느), 줄리엣 비노쉬(뤼미르), 에단 호크(행크)",107분,고레에다 히로카즈,7.75,12
921,179518,주전장,Shusenjo: The Main Battleground of Comfort Women Issue,7.33,[국내] 전체 관람가,121분,미키 데자키,9.782608695652174,46
922,179398,메기,2018,6.83,"이주영(여윤영), 문소리(이경진), 구교환(이성원)",89분,이옥섭,8.853658536585366,41
923,174748,프란치스코 교황 : 맨 오브 히스 워드,-,6.33,프란치스코(본인),96분,빔 벤더스,9.6,10
924,154298,아이리시맨,-,9.11,"로버트 드 니로, 알 파치노, 조 페시",209분,마틴 스코세이지,8.870588235294118,85
925,186367,빅 위시,Salma's Big Wish,6.00,[국내] 전체 관람가,79분,카를로스 구티에레스 메드라노,6.5,4
926,187787,너를 만난 여름,My Best Summer,5.50,"진비우(위화이), 하람두(겅겅)",109분,장적사,8.428571428571429,63
927,183377,100일 동안 100가지로 100퍼센트 행복찾기,100 Things,5.50,"플로리안 데이비드 핏츠(폴), 마치아스 슈와바이어퍼(토니)",111분,플로리안 데이비드 핏츠,8.962962962962964,27
